country,region,dev_level,year,gdp_growth,gdp_level,inflation,policy_rate,unemployment,current_account,debt_to_gdp,fx_change,biz_confidence,fin_stress_idx,shock_event
USA,NorthAmerica,developed,1985,2.683,102.68,1.668,4.127,4.129,-6.902,59.33,0.505,54.42,0.0,
USA,NorthAmerica,developed,1986,2.627,105.38,1.152,4.166,4.075,-2.868,63.54,1.339,52.68,0.0,
USA,NorthAmerica,developed,1987,2.317,107.82,0.794,4.095,3.817,-3.37,64.35,2.957,52.57,0.8,Black Monday
USA,NorthAmerica,developed,1988,2.105,110.09,0.854,3.893,4.13,-2.175,67.33,4.777,52.99,0.0,
USA,NorthAmerica,developed,1989,1.897,112.18,0.532,3.668,4.616,-3.228,67.82,-1.059,55.75,0.0,
USA,NorthAmerica,developed,1990,1.293,113.63,1.71,3.183,4.469,-2.767,70.58,1.98,52.06,0.6,Gulf War / S&L crisis
USA,NorthAmerica,developed,1991,0.502,114.2,2.132,3.189,5.064,-5.914,72.51,-0.83,48.09,0.5,Recession
USA,NorthAmerica,developed,1992,0.837,115.16,3.402,3.042,5.066,-6.366,74.25,0.055,53.43,0.0,
USA,NorthAmerica,developed,1993,1.679,117.09,3.856,3.29,3.929,-1.284,76.1,-2.958,49.96,0.0,
USA,NorthAmerica,developed,1994,1.333,118.65,3.983,3.7,4.679,-3.855,78.86,0.806,51.74,0.0,
USA,NorthAmerica,developed,1995,1.899,120.9,3.157,3.702,3.86,-5.392,82.14,-1.136,53.83,0.0,
USA,NorthAmerica,developed,1996,2.337,123.73,3.382,4.199,3.782,-3.847,84.31,-3.639,50.33,0.0,
USA,NorthAmerica,developed,1997,0.784,124.7,2.688,4.243,4.155,-3.756,89.87,-0.769,51.38,1.2,Asian Financial Crisis
USA,NorthAmerica,developed,1998,0.053,124.77,2.276,3.593,4.804,-1.319,89.47,0.936,48.82,1.0,LTCM / Russia default
USA,NorthAmerica,developed,1999,0.308,125.15,1.164,3.218,4.581,-2.535,92.28,3.604,49.9,0.0,
USA,NorthAmerica,developed,2000,0.242,125.46,1.575,3.045,5.558,-1.33,95.77,3.204,46.92,0.0,
USA,NorthAmerica,developed,2001,-1.077,124.1,0.878,2.4,4.85,-1.73,98.43,-2.455,43.0,0.9,Dot-com bust / 9-11
USA,NorthAmerica,developed,2002,-0.795,123.12,1.803,3.034,6.854,-2.171,99.65,-4.055,47.81,0.7,Corporate scandals
USA,NorthAmerica,developed,2003,-0.459,122.55,1.61,2.512,5.159,-0.868,102.85,-0.05,45.98,0.0,
USA,NorthAmerica,developed,2004,-0.724,121.67,1.399,2.225,6.246,-2.739,107.72,-0.668,45.0,0.0,
USA,NorthAmerica,developed,2005,-0.497,121.06,1.039,2.789,4.838,-1.323,108.97,2.301,50.16,0.0,
USA,NorthAmerica,developed,2006,0.158,121.25,1.299,2.263,5.144,-3.91,109.21,-2.196,50.83,0.0,
USA,NorthAmerica,developed,2007,1.691,123.3,1.667,2.228,4.297,-0.388,111.87,-0.572,56.7,0.0,
USA,NorthAmerica,developed,2008,-2.349,120.41,4.112,2.566,5.562,-5.736,119.04,1.533,38.15,3.0,Global Financial Crisis
USA,NorthAmerica,developed,2009,-3.76,115.88,2.204,1.887,7.202,-3.789,123.08,-0.258,41.7,2.5,GFC trough
USA,NorthAmerica,developed,2010,-2.141,113.4,2.778,1.098,6.046,-4.686,123.69,-1.84,44.72,0.0,
USA,NorthAmerica,developed,2011,-0.931,112.34,2.222,1.226,5.223,-3.655,128.49,1.16,50.95,0.6,Euro debt crisis
USA,NorthAmerica,developed,2012,-0.166,112.16,1.721,1.177,5.204,-2.647,128.82,0.415,50.35,0.0,
USA,NorthAmerica,developed,2013,2.011,114.41,3.378,1.42,3.851,-5.927,129.59,0.368,57.64,0.0,
USA,NorthAmerica,developed,2014,1.696,116.35,2.679,0.928,4.071,-5.125,130.38,-1.807,53.11,0.0,
USA,NorthAmerica,developed,2015,0.542,116.98,1.12,1.783,4.085,-5.194,136.63,6.224,46.77,0.4,China slowdown
USA,NorthAmerica,developed,2016,0.811,117.93,1.669,2.494,4.101,-3.491,140.96,1.119,50.49,0.0,
USA,NorthAmerica,developed,2017,1.153,119.29,0.735,2.126,4.29,-2.536,142.41,1.473,55.34,0.0,
USA,NorthAmerica,developed,2018,1.583,121.18,1.37,2.105,4.209,-4.443,145.46,0.145,59.45,0.0,
USA,NorthAmerica,developed,2019,2.756,124.52,1.904,1.97,3.066,-0.618,148.02,1.139,50.28,0.0,
USA,NorthAmerica,developed,2020,-1.751,122.34,2.037,1.407,5.64,-2.473,151.56,-0.927,40.14,2.8,COVID-19
USA,NorthAmerica,developed,2021,2.903,125.89,5.057,1.375,3.43,-2.647,153.92,-1.511,50.14,0.2,COVID recovery / stimulus
USA,NorthAmerica,developed,2022,1.499,127.78,9.427,2.639,4.682,-3.657,156.67,-4.184,49.99,1.0,Inflation / rate hike cycle
USA,NorthAmerica,developed,2023,2.029,130.37,7.458,4.616,4.574,-2.122,163.76,-0.609,55.74,0.4,Rates plateau
USA,NorthAmerica,developed,2024,1.969,132.94,6.52,5.109,4.51,-5.357,169.24,-1.587,57.45,0.0,
Canada,NorthAmerica,developed,1985,2.751,102.75,3.757,4.854,2.839,-0.134,59.7,-1.474,60.51,0.0,
Canada,NorthAmerica,developed,1986,3.02,105.85,2.906,4.541,3.506,-2.433,60.27,0.442,60.03,0.0,
Canada,NorthAmerica,developed,1987,2.906,108.93,1.036,4.372,3.583,0.828,65.5,-3.747,52.94,0.8,Black Monday
Canada,NorthAmerica,developed,1988,3.109,112.32,0.023,4.485,3.63,1.693,66.31,2.311,59.96,0.0,
Canada,NorthAmerica,developed,1989,3.046,115.74,0.666,4.239,3.045,-0.295,67.93,1.257,59.62,0.0,
Canada,NorthAmerica,developed,1990,1.505,117.48,1.103,4.497,3.876,-1.645,70.86,2.048,52.11,0.6,Gulf War / S&L crisis
Canada,NorthAmerica,developed,1991,1.601,119.36,2.154,4.704,4.477,4.655,73.02,-3.963,57.29,0.5,Recession
Canada,NorthAmerica,developed,1992,1.501,121.15,2.269,5.085,3.448,-2.503,72.48,-1.579,54.58,0.0,
Canada,NorthAmerica,developed,1993,2.015,123.59,2.497,4.41,2.837,0.109,73.89,0.86,56.49,0.0,
Canada,NorthAmerica,developed,1994,2.169,126.27,3.065,4.633,4.18,-1.409,75.91,0.164,57.18,0.0,
Canada,NorthAmerica,developed,1995,1.966,128.76,3.329,4.668,3.958,1.659,74.4,-2.902,49.83,0.0,
Canada,NorthAmerica,developed,1996,0.649,129.59,2.581,4.837,4.533,0.396,79.46,2.571,51.2,0.0,
Canada,NorthAmerica,developed,1997,1.394,131.4,2.766,4.443,4.006,-2.961,80.44,-0.856,53.04,1.2,Asian Financial Crisis
Canada,NorthAmerica,developed,1998,2.293,134.41,1.441,4.37,3.333,0.949,82.65,-3.404,55.77,1.0,LTCM / Russia default
Canada,NorthAmerica,developed,1999,1.932,137.01,1.186,3.638,3.707,0.856,84.59,0.992,55.29,0.0,
Canada,NorthAmerica,developed,2000,2.816,140.87,1.134,2.908,4.126,-0.663,88.72,1.116,55.73,0.0,
Canada,NorthAmerica,developed,2001,1.996,143.68,2.844,4.033,4.036,0.32,93.43,-1.855,53.54,0.9,Dot-com bust / 9-11
Canada,NorthAmerica,developed,2002,1.577,145.94,2.945,3.815,3.417,-4.146,93.86,-1.111,51.15,0.7,Corporate scandals
Canada,NorthAmerica,developed,2003,2.92,150.21,3.701,3.85,3.714,-0.814,95.5,-0.05,58.21,0.0,
Canada,NorthAmerica,developed,2004,2.561,154.05,4.271,3.909,3.722,5.195,98.3,2.275,55.84,0.0,
Canada,NorthAmerica,developed,2005,2.845,158.43,3.832,4.27,3.188,0.861,99.0,0.872,59.44,0.0,
Canada,NorthAmerica,developed,2006,2.928,163.07,3.296,4.712,3.382,1.871,97.86,-0.97,50.39,0.0,
Canada,NorthAmerica,developed,2007,1.874,166.13,4.188,5.386,3.703,-3.005,94.95,-1.653,61.34,0.0,
Canada,NorthAmerica,developed,2008,-0.458,165.37,3.993,5.568,4.449,-0.595,99.18,-1.613,44.04,3.0,Global Financial Crisis
Canada,NorthAmerica,developed,2009,-1.468,162.94,2.684,5.526,6.548,-1.94,101.73,1.728,46.02,2.5,GFC trough
Canada,NorthAmerica,developed,2010,-0.791,161.65,3.771,5.479,5.525,3.129,104.92,-2.324,46.93,0.0,
Canada,NorthAmerica,developed,2011,-0.047,161.58,2.56,5.424,4.754,2.296,103.91,-1.651,43.64,0.6,Euro debt crisis
Canada,NorthAmerica,developed,2012,0.044,161.65,2.706,5.091,4.851,-0.318,107.89,-2.139,52.22,0.0,
Canada,NorthAmerica,developed,2013,1.006,163.27,2.933,5.226,4.645,4.07,111.11,-0.804,49.93,0.0,
Canada,NorthAmerica,developed,2014,0.71,164.43,1.811,4.487,4.61,0.669,114.49,-1.384,54.24,0.0,
Canada,NorthAmerica,developed,2015,1.371,166.69,1.571,3.949,4.589,0.376,114.58,0.083,52.97,0.4,China slowdown
Canada,NorthAmerica,developed,2016,1.063,168.46,1.869,3.215,5.136,2.496,116.86,0.856,45.08,0.0,
Canada,NorthAmerica,developed,2017,0.679,169.6,1.72,2.682,5.018,3.995,117.25,-1.501,52.18,0.0,
Canada,NorthAmerica,developed,2018,2.051,173.08,0.858,2.666,4.885,-3.304,117.01,-0.415,52.9,0.0,
Canada,NorthAmerica,developed,2019,2.601,177.58,1.34,1.993,3.957,-1.155,121.48,-0.967,53.74,0.0,
Canada,NorthAmerica,developed,2020,-0.15,177.31,1.932,2.236,4.232,1.076,122.55,-0.941,45.41,2.8,COVID-19
Canada,NorthAmerica,developed,2021,2.079,181.0,2.03,2.739,4.081,-1.228,127.85,-0.8,54.22,0.2,COVID recovery / stimulus
Canada,NorthAmerica,developed,2022,1.395,183.53,3.688,3.391,4.036,-0.823,133.56,-2.498,43.79,1.0,Inflation / rate hike cycle
Canada,NorthAmerica,developed,2023,2.288,187.73,4.82,3.916,2.888,-0.621,135.91,-1.136,50.83,0.4,Rates plateau
Canada,NorthAmerica,developed,2024,2.639,192.68,4.735,3.935,4.03,4.105,139.07,-1.405,55.31,0.0,
UK,Europe,developed,1985,2.469,102.47,1.415,4.782,3.57,0.696,61.77,3.751,52.57,0.0,
UK,Europe,developed,1986,2.729,105.27,1.948,4.322,3.724,-0.575,63.11,-3.128,56.45,0.0,
UK,Europe,developed,1987,1.73,107.09,1.928,4.168,3.282,-6.231,66.42,-0.784,44.83,0.8,Black Monday
UK,Europe,developed,1988,2.294,109.54,2.321,3.914,3.195,-1.328,69.21,4.909,56.72,0.0,
UK,Europe,developed,1989,2.478,112.26,2.283,4.315,4.074,-0.497,70.32,-0.716,54.46,0.0,
UK,Europe,developed,1990,2.138,114.66,3.795,4.461,3.719,-2.372,72.19,1.606,47.13,0.6,Gulf War / S&L crisis
UK,Europe,developed,1991,0.732,115.5,3.096,3.578,4.152,-4.83,74.39,2.137,50.01,0.5,Recession
UK,Europe,developed,1992,0.456,116.02,2.991,4.131,4.284,-4.821,78.29,-0.5,53.03,0.0,
UK,Europe,developed,1993,0.859,117.02,3.514,3.915,4.565,-3.421,78.52,-3.341,54.1,0.0,
UK,Europe,developed,1994,0.958,118.14,2.554,3.898,5.085,-7.561,78.16,-1.772,56.67,0.0,
UK,Europe,developed,1995,1.413,119.81,3.217,3.649,3.734,-2.104,80.71,0.972,52.8,0.0,
UK,Europe,developed,1996,1.752,121.91,3.26,4.241,4.528,-6.24,78.72,1.866,57.73,0.0,
UK,Europe,developed,1997,0.747,122.82,1.848,4.078,5.092,0.595,82.61,-0.458,46.7,1.2,Asian Financial Crisis
UK,Europe,developed,1998,0.732,123.72,1.673,3.454,5.658,0.57,87.62,-1.504,52.31,1.0,LTCM / Russia default
UK,Europe,developed,1999,1.458,125.52,2.252,4.015,4.589,-1.52,91.51,0.846,48.12,0.0,
UK,Europe,developed,2000,1.668,127.62,1.917,3.42,5.007,0.458,96.67,0.775,58.02,0.0,
UK,Europe,developed,2001,0.884,128.75,2.172,2.987,4.757,-2.879,96.75,0.086,50.06,0.9,Dot-com bust / 9-11
UK,Europe,developed,2002,1.786,131.04,2.971,3.308,4.231,-2.912,98.84,-2.216,52.4,0.7,Corporate scandals
UK,Europe,developed,2003,1.417,132.9,1.936,3.521,4.487,-6.573,101.21,2.25,56.55,0.0,
UK,Europe,developed,2004,2.203,135.83,2.14,3.264,3.357,-2.311,104.3,2.773,58.55,0.0,
UK,Europe,developed,2005,2.098,138.68,1.277,3.054,4.06,-3.404,105.47,0.963,53.48,0.0,
UK,Europe,developed,2006,1.722,141.07,1.831,2.939,4.261,-2.454,105.61,-0.672,58.41,0.0,
UK,Europe,developed,2007,1.119,142.65,0.331,1.874,4.455,-2.938,107.63,3.169,44.65,0.0,
UK,Europe,developed,2008,-1.098,141.08,2.704,1.63,5.359,-4.506,109.0,-2.354,46.9,3.0,Global Financial Crisis
UK,Europe,developed,2009,-2.6,137.41,3.827,2.029,7.177,-3.187,112.95,-5.008,41.36,2.5,GFC trough
UK,Europe,developed,2010,-1.849,134.87,4.397,2.393,5.68,-1.183,116.38,0.078,45.64,0.0,
UK,Europe,developed,2011,-0.96,133.57,4.754,2.219,5.813,-4.964,116.62,-0.703,46.77,0.6,Euro debt crisis
UK,Europe,developed,2012,-0.611,132.76,5.028,2.397,5.102,-4.17,119.55,-0.111,45.52,0.0,
UK,Europe,developed,2013,0.501,133.42,4.633,2.323,3.77,-3.025,121.79,-0.757,51.11,0.0,
UK,Europe,developed,2014,1.036,134.81,5.024,2.701,3.896,-5.187,125.04,1.823,51.17,0.0,
UK,Europe,developed,2015,-0.379,134.3,3.006,2.573,4.911,-3.817,128.24,-0.685,51.45,0.4,China slowdown
UK,Europe,developed,2016,-0.165,134.07,2.275,2.841,4.315,-2.221,131.59,-0.137,54.37,0.0,
UK,Europe,developed,2017,0.028,134.11,4.028,3.195,4.347,-2.86,132.69,-1.872,51.26,0.0,
UK,Europe,developed,2018,0.879,135.29,3.285,3.879,5.139,-0.127,137.03,2.581,46.45,0.0,
UK,Europe,developed,2019,0.994,136.64,2.494,3.943,4.217,-3.332,144.11,-0.248,53.61,0.0,
UK,Europe,developed,2020,-1.869,134.08,2.406,3.717,6.159,-0.669,151.85,-0.757,36.5,2.8,COVID-19
UK,Europe,developed,2021,1.171,135.65,4.287,4.521,4.521,-1.227,156.56,1.954,53.26,0.2,COVID recovery / stimulus
UK,Europe,developed,2022,0.289,136.04,6.358,4.086,5.047,-10.297,157.05,-0.164,50.12,1.0,Inflation / rate hike cycle
UK,Europe,developed,2023,-0.255,135.7,4.447,4.965,4.886,1.486,161.5,0.322,53.44,0.4,Rates plateau
UK,Europe,developed,2024,0.412,136.26,3.316,4.916,4.776,-5.729,165.25,-1.639,53.75,0.0,
Germany,Europe,developed,1985,1.821,101.82,1.874,3.408,4.201,3.234,60.07,-2.015,58.37,0.0,
Germany,Europe,developed,1986,1.568,103.42,0.786,3.286,4.448,-1.061,62.65,1.866,55.48,0.0,
Germany,Europe,developed,1987,1.705,105.18,0.009,2.973,3.996,1.034,66.52,3.586,58.52,0.8,Black Monday
Germany,Europe,developed,1988,2.518,107.83,0.339,2.851,4.124,2.242,68.59,2.176,56.82,0.0,
Germany,Europe,developed,1989,1.901,109.88,0.36,2.818,4.051,2.68,71.94,-0.228,57.55,0.0,
Germany,Europe,developed,1990,1.383,111.4,-0.07,2.978,4.058,-1.31,72.14,-1.391,52.8,0.6,Gulf War / S&L crisis
Germany,Europe,developed,1991,0.423,111.87,0.221,2.778,4.958,2.632,75.48,1.796,43.85,0.5,Recession
Germany,Europe,developed,1992,0.549,112.48,-1.148,2.076,4.723,4.091,80.16,1.38,50.02,0.0,
Germany,Europe,developed,1993,1.152,113.78,-0.92,1.561,4.917,0.884,83.81,2.261,50.34,0.0,
Germany,Europe,developed,1994,1.899,115.94,0.242,1.482,3.669,0.282,84.53,1.642,52.41,0.0,
Germany,Europe,developed,1995,2.137,118.42,-0.379,1.17,3.987,6.89,83.43,3.688,56.38,0.0,
Germany,Europe,developed,1996,2.299,121.14,0.211,1.31,3.774,4.908,84.16,2.831,54.45,0.0,
Germany,Europe,developed,1997,1.658,123.15,-0.101,1.315,4.893,1.845,85.72,-1.569,51.52,1.2,Asian Financial Crisis
Germany,Europe,developed,1998,0.378,123.61,-0.517,1.038,5.471,7.618,86.8,3.656,49.78,1.0,LTCM / Russia default
Germany,Europe,developed,1999,0.643,124.41,0.353,0.952,4.734,1.183,86.06,-2.563,53.75,0.0,
Germany,Europe,developed,2000,0.766,125.36,0.225,0.838,5.014,2.361,86.73,3.015,56.87,0.0,
Germany,Europe,developed,2001,0.421,125.89,1.295,1.45,5.354,3.228,90.27,1.281,46.08,0.9,Dot-com bust / 9-11
Germany,Europe,developed,2002,0.706,126.78,0.329,0.959,5.299,3.68,95.36,-0.012,47.11,0.7,Corporate scandals
Germany,Europe,developed,2003,0.836,127.84,0.765,0.999,5.149,1.277,98.1,-1.577,53.67,0.0,
Germany,Europe,developed,2004,1.079,129.22,0.432,0.851,4.369,1.46,103.57,0.303,52.26,0.0,
Germany,Europe,developed,2005,0.0,129.22,0.05,0.547,4.657,4.763,105.41,3.192,50.19,0.0,
Germany,Europe,developed,2006,0.473,129.83,0.389,0.507,5.623,-2.639,103.43,-0.573,51.36,0.0,
Germany,Europe,developed,2007,1.219,131.41,1.11,0.536,4.9,4.06,105.6,2.222,54.2,0.0,
Germany,Europe,developed,2008,-1.673,129.21,2.496,0.853,5.837,4.946,103.77,-3.383,38.26,3.0,Global Financial Crisis
Germany,Europe,developed,2009,-3.058,125.26,0.791,0.197,6.098,6.915,110.6,-0.904,33.06,2.5,GFC trough
Germany,Europe,developed,2010,-2.988,121.52,0.959,0.0,6.452,-1.2,111.97,0.639,42.8,0.0,
Germany,Europe,developed,2011,-1.841,119.28,0.467,0.226,5.52,3.266,114.64,-2.263,42.74,0.6,Euro debt crisis
Germany,Europe,developed,2012,-0.711,118.43,1.284,0.289,6.121,4.015,116.44,1.745,53.83,0.0,
Germany,Europe,developed,2013,1.093,119.73,0.465,0.0,5.196,-0.117,115.47,-0.482,54.3,0.0,
Germany,Europe,developed,2014,1.208,121.17,0.271,0.0,4.04,0.241,121.67,1.144,56.02,0.0,
Germany,Europe,developed,2015,0.883,122.24,0.278,0.0,3.233,-0.756,119.82,-3.953,48.07,0.4,China slowdown
Germany,Europe,developed,2016,1.907,124.57,0.607,0.713,4.252,3.565,119.7,1.496,57.48,0.0,
Germany,Europe,developed,2017,1.534,126.49,1.353,1.17,3.958,-0.246,119.29,0.397,55.24,0.0,
Germany,Europe,developed,2018,1.125,127.91,1.524,1.567,4.746,5.104,124.07,-1.83,58.18,0.0,
Germany,Europe,developed,2019,0.975,129.16,2.475,1.907,4.306,-1.615,126.15,-3.231,55.61,0.0,
Germany,Europe,developed,2020,-0.908,127.98,1.553,1.94,5.092,0.743,130.98,-0.722,40.43,2.8,COVID-19
Germany,Europe,developed,2021,2.468,131.14,2.79,2.698,3.542,1.901,133.09,-1.879,58.44,0.2,COVID recovery / stimulus
Germany,Europe,developed,2022,1.791,133.49,5.227,4.136,4.829,1.25,137.05,-2.185,53.05,1.0,Inflation / rate hike cycle
Germany,Europe,developed,2023,1.134,135.01,5.267,4.849,4.324,4.387,136.4,-4.978,54.74,0.4,Rates plateau
Germany,Europe,developed,2024,1.337,136.81,4.834,4.696,4.32,6.007,141.57,-0.481,52.4,0.0,
France,Europe,developed,1985,1.663,101.66,0.497,3.702,4.591,-3.151,60.84,-1.804,51.48,0.0,
France,Europe,developed,1986,1.755,103.45,-0.83,3.3,4.5,-0.502,57.96,-1.084,58.32,0.0,
France,Europe,developed,1987,-0.176,103.27,-0.418,2.188,5.49,-1.35,61.28,1.916,53.45,0.8,Black Monday
France,Europe,developed,1988,0.221,103.49,0.406,1.336,5.485,-1.521,62.34,0.494,45.89,0.0,
France,Europe,developed,1989,0.778,104.3,1.539,1.62,3.816,-0.248,65.89,-3.558,48.82,0.0,
France,Europe,developed,1990,0.865,105.2,2.097,2.041,5.497,0.937,69.41,5.452,50.43,0.6,Gulf War / S&L crisis
France,Europe,developed,1991,-0.255,104.93,2.586,2.436,4.864,-2.065,76.66,0.538,46.13,0.5,Recession
France,Europe,developed,1992,0.833,105.81,2.422,2.539,4.865,-2.584,79.7,3.759,53.59,0.0,
France,Europe,developed,1993,0.874,106.73,1.972,2.466,4.436,-0.756,83.86,-3.398,54.89,0.0,
France,Europe,developed,1994,0.903,107.69,2.319,2.197,5.213,2.491,88.07,-3.065,54.86,0.0,
France,Europe,developed,1995,1.395,109.2,1.011,2.152,4.485,1.112,90.57,0.939,58.09,0.0,
France,Europe,developed,1996,2.257,111.66,-1.045,1.599,3.789,-3.504,92.52,3.471,52.68,0.0,
France,Europe,developed,1997,1.889,113.77,-0.961,0.979,4.794,-1.085,95.26,-2.794,58.16,1.2,Asian Financial Crisis
France,Europe,developed,1998,1.894,115.93,-0.601,1.031,3.348,2.365,96.44,0.432,51.51,1.0,LTCM / Russia default
France,Europe,developed,1999,1.547,117.72,0.515,1.174,4.552,-0.018,99.35,-0.332,60.76,0.0,
France,Europe,developed,2000,0.694,118.54,1.861,1.978,4.227,4.459,103.72,2.044,51.91,0.0,
France,Europe,developed,2001,-0.035,118.5,1.677,2.175,5.718,0.363,104.67,1.806,50.87,0.9,Dot-com bust / 9-11
France,Europe,developed,2002,0.362,118.92,2.336,2.255,4.355,-1.736,104.07,0.433,49.3,0.7,Corporate scandals
France,Europe,developed,2003,0.482,119.5,-0.056,1.404,5.319,-1.329,107.09,-2.105,55.59,0.0,
France,Europe,developed,2004,0.75,120.39,0.628,2.284,5.383,-0.613,108.41,-0.179,53.5,0.0,
France,Europe,developed,2005,0.975,121.57,0.626,2.705,4.456,4.599,111.18,4.043,53.64,0.0,
France,Europe,developed,2006,1.784,123.74,0.361,2.135,4.338,1.977,113.43,-2.021,50.61,0.0,
France,Europe,developed,2007,0.957,124.92,-0.685,1.739,5.084,-0.027,111.22,0.484,52.03,0.0,
France,Europe,developed,2008,-0.25,124.61,-0.644,1.12,5.978,0.9,115.09,-4.03,45.67,3.0,Global Financial Crisis
France,Europe,developed,2009,-2.298,121.74,0.207,0.24,6.313,0.357,116.88,-2.716,35.74,2.5,GFC trough
France,Europe,developed,2010,-1.461,119.97,-0.277,0.124,5.155,1.424,117.0,-0.389,44.28,0.0,
France,Europe,developed,2011,-0.126,119.82,0.818,0.158,5.312,-4.214,119.07,4.41,48.87,0.6,Euro debt crisis
France,Europe,developed,2012,0.422,120.32,1.533,0.831,3.79,-3.365,121.66,-1.23,55.05,0.0,
France,Europe,developed,2013,0.602,121.05,0.119,0.234,3.324,-0.468,123.19,-0.225,54.82,0.0,
France,Europe,developed,2014,1.646,123.04,0.399,0.0,4.486,1.111,125.31,2.503,50.84,0.0,
France,Europe,developed,2015,2.735,126.4,-0.218,0.418,2.789,-1.861,129.72,0.204,58.92,0.4,China slowdown
France,Europe,developed,2016,2.668,129.77,0.181,1.104,3.548,-3.561,129.74,1.708,58.21,0.0,
France,Europe,developed,2017,1.536,131.77,0.006,0.785,4.049,-2.752,130.33,-0.799,56.36,0.0,
France,Europe,developed,2018,2.112,134.55,0.328,0.705,4.014,-1.633,129.68,-1.319,53.65,0.0,
France,Europe,developed,2019,1.361,136.38,0.832,1.143,3.526,0.05,131.28,1.093,53.54,0.0,
France,Europe,developed,2020,-2.376,133.14,-0.114,0.742,6.703,-4.428,135.25,1.306,39.8,2.8,COVID-19
France,Europe,developed,2021,0.371,133.63,1.303,0.266,3.642,1.886,135.3,-0.642,46.42,0.2,COVID recovery / stimulus
France,Europe,developed,2022,-0.993,132.31,3.443,0.597,5.685,0.905,138.58,0.104,50.12,1.0,Inflation / rate hike cycle
France,Europe,developed,2023,-1.21,130.71,2.521,1.399,6.237,-2.844,140.94,2.62,47.54,0.4,Rates plateau
France,Europe,developed,2024,-0.315,130.29,2.282,1.488,5.302,-0.505,143.58,0.132,47.14,0.0,
Italy,Europe,developed,1985,1.519,101.52,4.831,5.338,4.402,-1.52,63.66,-0.606,58.62,0.0,
Italy,Europe,developed,1986,2.145,103.7,4.519,6.34,2.755,3.181,66.98,1.55,55.28,0.0,
Italy,Europe,developed,1987,1.11,104.85,4.316,6.609,4.586,2.169,66.52,1.403,53.05,0.8,Black Monday
Italy,Europe,developed,1988,1.01,105.91,2.776,6.692,3.288,1.297,66.57,0.024,53.85,0.0,
Italy,Europe,developed,1989,1.759,107.77,2.578,6.295,3.867,2.546,70.37,-0.795,56.62,0.0,
Italy,Europe,developed,1990,-0.041,107.73,3.083,5.51,5.396,0.257,78.38,-2.375,48.32,0.6,Gulf War / S&L crisis
Italy,Europe,developed,1991,0.448,108.21,4.046,5.521,4.888,0.004,82.16,-1.861,50.6,0.5,Recession
Italy,Europe,developed,1992,-0.323,107.86,3.845,5.886,5.048,-3.23,87.68,0.326,46.48,0.0,
Italy,Europe,developed,1993,-0.11,107.74,2.375,5.292,4.786,2.457,89.83,1.318,47.93,0.0,
Italy,Europe,developed,1994,0.366,108.14,2.287,5.562,4.55,-3.145,90.45,-1.0,47.78,0.0,
Italy,Europe,developed,1995,0.821,109.02,1.957,6.352,3.721,0.407,91.68,-0.824,53.84,0.0,
Italy,Europe,developed,1996,-0.48,108.5,2.255,6.804,5.013,0.52,97.74,-0.254,46.26,0.0,
Italy,Europe,developed,1997,-1.905,106.43,2.985,6.439,5.446,0.253,101.15,-1.202,41.48,1.2,Asian Financial Crisis
Italy,Europe,developed,1998,-2.292,103.99,3.6,5.725,5.815,3.846,107.93,-0.135,35.63,1.0,LTCM / Russia default
Italy,Europe,developed,1999,-1.737,102.19,3.438,5.697,5.823,-0.062,111.87,-3.165,41.21,0.0,
Italy,Europe,developed,2000,-0.454,101.72,2.156,5.39,4.817,0.223,115.04,3.058,49.63,0.0,
Italy,Europe,developed,2001,-1.727,99.97,2.678,4.917,5.575,0.628,118.36,1.732,38.68,0.9,Dot-com bust / 9-11
Italy,Europe,developed,2002,-1.847,98.12,2.075,4.454,6.473,1.258,125.99,4.663,37.81,0.7,Corporate scandals
Italy,Europe,developed,2003,-1.043,97.1,1.219,3.844,5.206,-2.114,127.65,0.096,42.0,0.0,
Italy,Europe,developed,2004,0.023,97.12,0.741,4.732,4.763,0.144,128.86,3.94,53.45,0.0,
Italy,Europe,developed,2005,0.495,97.6,0.015,4.32,4.192,2.925,134.0,0.936,44.76,0.0,
Italy,Europe,developed,2006,0.082,97.68,1.063,4.575,5.514,-3.184,138.42,2.462,45.36,0.0,
Italy,Europe,developed,2007,0.356,98.03,1.569,4.32,3.896,-0.651,141.45,-0.017,49.79,0.0,
Italy,Europe,developed,2008,-2.398,95.68,2.354,4.371,6.047,-0.819,146.51,-4.863,34.0,3.0,Global Financial Crisis
Italy,Europe,developed,2009,-3.575,92.26,2.731,3.454,5.801,0.548,151.34,-5.104,32.1,2.5,GFC trough
Italy,Europe,developed,2010,-1.822,90.58,3.072,3.558,4.857,1.538,157.94,1.117,39.77,0.0,
Italy,Europe,developed,2011,-0.962,89.71,3.982,4.644,5.043,-0.453,163.99,-0.33,41.44,0.6,Euro debt crisis
Italy,Europe,developed,2012,-0.173,89.55,4.149,5.076,5.196,-0.517,171.49,-2.296,47.52,0.0,
Italy,Europe,developed,2013,0.177,89.71,4.522,4.919,4.256,-4.075,176.03,-2.843,49.58,0.0,
Italy,Europe,developed,2014,0.83,90.45,3.604,5.319,4.436,1.344,181.55,-1.715,52.95,0.0,
Italy,Europe,developed,2015,1.368,91.69,3.488,5.023,4.644,-2.169,188.74,1.752,55.77,0.4,China slowdown
Italy,Europe,developed,2016,1.421,92.99,3.123,5.522,4.104,0.471,195.18,-1.311,54.07,0.0,
Italy,Europe,developed,2017,0.649,93.6,2.147,4.667,5.04,3.618,202.57,-3.146,54.88,0.0,
Italy,Europe,developed,2018,1.64,95.13,1.852,4.72,3.176,0.533,204.82,0.594,52.15,0.0,
Italy,Europe,developed,2019,1.856,96.9,2.801,4.641,3.504,-4.312,208.58,-1.254,53.08,0.0,
Italy,Europe,developed,2020,-1.036,95.89,2.171,4.097,5.241,2.143,214.94,-4.508,36.6,2.8,COVID-19
Italy,Europe,developed,2021,1.642,97.47,3.405,4.357,4.397,-1.561,220.3,0.832,47.69,0.2,COVID recovery / stimulus
Italy,Europe,developed,2022,1.346,98.78,2.886,4.379,4.84,-0.635,221.95,-2.303,56.69,1.0,Inflation / rate hike cycle
Italy,Europe,developed,2023,-0.144,98.64,3.082,4.556,4.476,-1.166,225.04,1.558,50.8,0.4,Rates plateau
Italy,Europe,developed,2024,-0.839,97.81,2.643,4.231,6.066,-2.7,233.35,-0.109,43.02,0.0,
Spain,Europe,developed,1985,1.594,101.59,2.359,4.815,4.251,-2.456,58.03,-0.567,48.58,0.0,
Spain,Europe,developed,1986,1.244,102.86,1.76,4.234,5.379,0.113,60.88,-3.181,51.15,0.0,
Spain,Europe,developed,1987,1.262,104.16,1.272,4.343,3.768,-0.573,62.21,0.847,49.63,0.8,Black Monday
Spain,Europe,developed,1988,1.284,105.49,1.429,3.815,4.601,0.477,64.35,-0.39,55.6,0.0,
Spain,Europe,developed,1989,1.322,106.89,1.498,3.721,5.188,-2.681,68.22,-3.336,53.96,0.0,
Spain,Europe,developed,1990,1.716,108.72,2.399,3.9,3.862,0.062,70.06,-1.392,52.22,0.6,Gulf War / S&L crisis
Spain,Europe,developed,1991,1.006,109.82,2.031,3.525,3.817,0.781,73.63,0.754,54.41,0.5,Recession
Spain,Europe,developed,1992,1.307,111.25,2.539,3.787,4.301,-1.062,80.51,-0.766,51.27,0.0,
Spain,Europe,developed,1993,1.741,113.19,2.833,3.425,4.691,-0.188,80.59,2.428,56.23,0.0,
Spain,Europe,developed,1994,1.047,114.37,4.288,4.218,4.471,3.18,83.61,-0.442,50.64,0.0,
Spain,Europe,developed,1995,1.634,116.24,4.411,4.706,3.788,0.26,86.17,-3.09,49.67,0.0,
Spain,Europe,developed,1996,2.065,118.64,2.048,4.698,3.729,2.616,87.77,1.605,53.97,0.0,
Spain,Europe,developed,1997,1.637,120.58,2.996,4.605,4.68,-1.987,91.2,1.847,53.67,1.2,Asian Financial Crisis
Spain,Europe,developed,1998,2.518,123.62,2.26,4.06,3.244,1.321,94.66,0.427,50.92,1.0,LTCM / Russia default
Spain,Europe,developed,1999,2.848,127.14,1.428,4.449,5.005,0.733,98.23,-0.514,51.69,0.0,
Spain,Europe,developed,2000,2.275,130.03,0.868,3.569,4.724,0.546,101.36,0.022,55.17,0.0,
Spain,Europe,developed,2001,1.885,132.48,1.185,3.654,3.96,-0.684,101.18,-3.411,52.13,0.9,Dot-com bust / 9-11
Spain,Europe,developed,2002,1.467,134.43,0.477,3.309,4.293,-4.312,101.99,1.571,53.43,0.7,Corporate scandals
Spain,Europe,developed,2003,0.908,135.65,1.108,3.539,4.934,-0.191,103.86,-0.691,53.67,0.0,
Spain,Europe,developed,2004,1.298,137.41,1.99,3.606,4.76,0.189,108.16,2.045,50.83,0.0,
Spain,Europe,developed,2005,0.389,137.94,3.427,3.968,3.948,-1.428,112.88,-0.687,49.44,0.0,
Spain,Europe,developed,2006,1.632,140.2,2.504,3.74,4.29,0.781,116.65,1.971,54.68,0.0,
Spain,Europe,developed,2007,2.018,143.02,2.396,3.894,4.045,0.43,120.95,1.292,55.18,0.0,
Spain,Europe,developed,2008,-1.172,141.35,3.201,3.931,5.683,4.413,123.98,-0.129,41.36,3.0,Global Financial Crisis
Spain,Europe,developed,2009,-1.076,139.83,2.438,3.939,5.139,-0.703,128.52,-3.684,46.09,2.5,GFC trough
Spain,Europe,developed,2010,-0.364,139.32,2.285,4.916,5.379,-1.439,131.13,-1.671,51.9,0.0,
Spain,Europe,developed,2011,-0.292,138.91,2.866,4.776,5.512,-1.693,133.01,0.489,49.87,0.6,Euro debt crisis
Spain,Europe,developed,2012,0.481,139.58,2.245,4.872,4.388,-1.043,134.92,2.829,53.1,0.0,
Spain,Europe,developed,2013,1.223,141.29,3.394,6.122,3.534,-1.477,137.8,-1.82,49.83,0.0,
Spain,Europe,developed,2014,1.238,143.04,2.342,5.957,4.407,0.962,142.91,1.404,51.97,0.0,
Spain,Europe,developed,2015,2.521,146.64,2.451,5.059,3.238,-3.481,146.39,-0.079,54.1,0.4,China slowdown
Spain,Europe,developed,2016,3.597,151.92,3.0,5.535,2.736,-1.998,149.82,0.346,53.42,0.0,
Spain,Europe,developed,2017,3.09,156.61,3.011,5.528,3.048,-1.079,153.02,0.178,59.54,0.0,
Spain,Europe,developed,2018,3.466,162.04,2.773,5.401,3.486,1.222,155.59,1.649,61.6,0.0,
Spain,Europe,developed,2019,3.874,168.32,4.241,5.489,3.07,0.023,158.8,-1.671,55.23,0.0,
Spain,Europe,developed,2020,0.461,169.09,3.168,5.447,4.372,-2.199,164.0,-0.28,52.11,2.8,COVID-19
Spain,Europe,developed,2021,3.112,174.36,4.573,5.462,2.8,3.166,165.93,-2.56,57.26,0.2,COVID recovery / stimulus
Spain,Europe,developed,2022,1.88,177.63,5.636,5.93,4.675,-1.612,167.63,1.094,54.18,1.0,Inflation / rate hike cycle
Spain,Europe,developed,2023,1.238,179.83,3.213,5.558,4.354,2.331,170.02,-0.233,54.32,0.4,Rates plateau
Spain,Europe,developed,2024,-0.0,179.83,3.998,5.151,5.166,0.493,176.82,0.803,42.87,0.0,
Netherlands,Europe,developed,1985,1.529,101.53,2.111,3.712,4.474,1.579,63.43,-0.462,48.28,0.0,
Netherlands,Europe,developed,1986,1.374,102.92,2.422,3.337,4.629,1.817,65.9,-6.254,49.6,0.0,
Netherlands,Europe,developed,1987,2.362,105.35,1.984,2.636,4.437,0.027,70.01,0.559,55.68,0.8,Black Monday
Netherlands,Europe,developed,1988,2.489,107.98,2.545,3.881,4.241,-3.161,72.97,2.119,59.83,0.0,
Netherlands,Europe,developed,1989,2.111,110.26,3.368,4.556,5.231,-1.5,74.32,-1.023,53.81,0.0,
Netherlands,Europe,developed,1990,0.829,111.17,1.094,3.977,4.77,-0.986,80.88,0.298,54.75,0.6,Gulf War / S&L crisis
Netherlands,Europe,developed,1991,0.379,111.59,2.063,3.955,5.495,0.112,84.77,0.714,49.08,0.5,Recession
Netherlands,Europe,developed,1992,1.027,112.74,3.838,4.164,4.696,2.516,89.8,-0.528,45.42,0.0,
Netherlands,Europe,developed,1993,1.58,114.52,1.694,4.597,4.295,1.999,90.76,-3.013,54.73,0.0,
Netherlands,Europe,developed,1994,1.665,116.43,1.362,4.343,5.551,1.669,95.55,1.879,58.6,0.0,
Netherlands,Europe,developed,1995,1.635,118.33,-0.154,3.674,4.588,-1.94,97.76,-0.737,58.59,0.0,
Netherlands,Europe,developed,1996,2.176,120.9,0.798,3.684,3.894,0.395,97.81,-4.012,55.89,0.0,
Netherlands,Europe,developed,1997,1.846,123.14,2.174,4.358,4.862,-1.996,99.95,0.909,59.81,1.2,Asian Financial Crisis
Netherlands,Europe,developed,1998,2.413,126.11,2.909,4.354,3.352,1.578,100.43,-0.749,53.69,1.0,LTCM / Russia default
Netherlands,Europe,developed,1999,3.265,130.23,2.443,3.49,3.62,-1.398,102.59,-0.306,57.34,0.0,
Netherlands,Europe,developed,2000,3.423,134.68,1.128,3.24,3.63,-1.228,101.34,1.599,61.93,0.0,
Netherlands,Europe,developed,2001,2.14,137.57,-0.35,3.088,3.1,0.618,101.96,-1.615,52.23,0.9,Dot-com bust / 9-11
Netherlands,Europe,developed,2002,1.515,139.65,-0.437,2.846,4.019,1.96,105.0,-0.664,49.79,0.7,Corporate scandals
Netherlands,Europe,developed,2003,0.648,140.55,0.283,2.359,3.49,-1.071,105.75,3.667,46.51,0.0,
Netherlands,Europe,developed,2004,0.121,140.73,1.514,2.868,4.567,-1.264,109.86,-4.508,44.72,0.0,
Netherlands,Europe,developed,2005,0.422,141.32,2.851,2.907,4.839,2.268,116.9,-1.409,51.01,0.0,
Netherlands,Europe,developed,2006,1.91,144.02,1.463,3.324,3.536,0.205,119.01,-1.755,51.83,0.0,
Netherlands,Europe,developed,2007,2.098,147.04,2.367,3.434,3.986,1.142,119.66,1.369,57.7,0.0,
Netherlands,Europe,developed,2008,0.936,148.42,2.623,3.366,4.916,1.638,121.82,-5.13,43.86,3.0,Global Financial Crisis
Netherlands,Europe,developed,2009,-1.144,146.72,2.15,3.627,5.27,-3.685,121.91,-13.135,41.68,2.5,GFC trough
Netherlands,Europe,developed,2010,-1.072,145.15,1.558,3.013,5.316,2.645,126.65,0.165,45.94,0.0,
Netherlands,Europe,developed,2011,-0.864,143.89,2.244,3.205,4.978,0.073,126.13,0.35,48.93,0.6,Euro debt crisis
Netherlands,Europe,developed,2012,-0.316,143.44,3.649,3.139,5.267,-0.072,129.21,-0.723,49.53,0.0,
Netherlands,Europe,developed,2013,0.772,144.55,4.421,3.69,5.022,-1.404,133.94,-2.25,55.2,0.0,
Netherlands,Europe,developed,2014,2.405,148.02,3.839,3.274,3.523,2.464,137.64,-0.054,59.04,0.0,
Netherlands,Europe,developed,2015,2.415,151.6,4.236,4.255,4.554,0.718,142.52,-1.285,53.43,0.4,China slowdown
Netherlands,Europe,developed,2016,3.335,156.65,3.961,5.05,3.394,-1.173,145.7,2.284,60.0,0.0,
Netherlands,Europe,developed,2017,1.974,159.75,3.397,5.888,3.906,-3.601,153.47,0.946,54.73,0.0,
Netherlands,Europe,developed,2018,1.758,162.55,3.983,5.786,4.695,1.084,158.1,-0.304,53.87,0.0,
Netherlands,Europe,developed,2019,2.446,166.53,2.894,5.074,4.084,1.262,162.73,0.547,55.15,0.0,
Netherlands,Europe,developed,2020,-0.193,166.21,2.469,4.629,4.941,4.041,163.86,-1.359,43.59,2.8,COVID-19
Netherlands,Europe,developed,2021,2.195,169.86,1.757,4.62,3.712,-4.198,169.17,2.943,59.56,0.2,COVID recovery / stimulus
Netherlands,Europe,developed,2022,1.462,172.34,3.943,5.425,5.11,2.267,171.7,-0.18,52.97,1.0,Inflation / rate hike cycle
Netherlands,Europe,developed,2023,0.21,172.7,3.3,6.249,5.215,2.947,177.26,-0.536,50.87,0.4,Rates plateau
Netherlands,Europe,developed,2024,0.168,172.99,2.269,6.311,5.602,-1.982,184.5,-0.255,51.44,0.0,
Sweden,Europe,developed,1985,2.676,102.68,2.595,3.733,4.367,0.619,63.12,-1.905,62.05,0.0,
Sweden,Europe,developed,1986,2.889,105.64,3.007,3.363,3.144,2.476,65.46,-4.19,59.13,0.0,
Sweden,Europe,developed,1987,2.14,107.9,3.978,3.819,4.032,2.358,65.85,-2.639,52.27,0.8,Black Monday
Sweden,Europe,developed,1988,2.702,110.82,2.478,3.279,4.061,-1.206,66.91,-3.917,53.59,0.0,
Sweden,Europe,developed,1989,2.622,113.72,3.087,3.31,4.518,-1.369,67.42,2.689,56.1,0.0,
Sweden,Europe,developed,1990,1.515,115.45,2.915,4.064,4.976,-1.634,69.76,-0.154,49.0,0.6,Gulf War / S&L crisis
Sweden,Europe,developed,1991,0.803,116.37,2.823,4.546,5.202,-0.658,72.09,1.022,48.92,0.5,Recession
Sweden,Europe,developed,1992,1.555,118.18,2.548,4.106,3.744,2.894,74.2,3.056,51.7,0.0,
Sweden,Europe,developed,1993,1.941,120.48,4.312,4.123,3.08,2.573,74.88,-0.795,52.29,0.0,
Sweden,Europe,developed,1994,2.217,123.15,3.049,4.225,4.116,-2.017,75.77,-1.07,50.33,0.0,
Sweden,Europe,developed,1995,2.009,125.62,2.895,4.173,3.86,-0.04,76.8,1.054,58.49,0.0,
Sweden,Europe,developed,1996,1.828,127.92,3.064,4.218,4.269,3.132,80.24,-3.926,55.17,0.0,
Sweden,Europe,developed,1997,2.231,130.77,2.802,4.721,3.54,-2.971,83.11,-3.813,51.53,1.2,Asian Financial Crisis
Sweden,Europe,developed,1998,2.685,134.29,0.948,3.856,3.141,-0.127,84.64,3.054,56.46,1.0,LTCM / Russia default
Sweden,Europe,developed,1999,2.911,138.19,1.235,3.871,3.113,1.714,84.52,1.84,59.62,0.0,
Sweden,Europe,developed,2000,2.91,142.22,1.207,3.88,2.114,0.605,86.41,0.077,58.18,0.0,
Sweden,Europe,developed,2001,1.838,144.83,0.329,3.393,4.115,0.23,89.15,2.52,48.77,0.9,Dot-com bust / 9-11
Sweden,Europe,developed,2002,1.604,147.15,1.613,2.614,4.288,-1.171,90.7,-1.754,51.43,0.7,Corporate scandals
Sweden,Europe,developed,2003,2.907,151.43,0.639,2.056,2.895,3.455,91.46,0.297,54.85,0.0,
Sweden,Europe,developed,2004,2.214,154.78,0.683,2.99,4.589,-1.706,94.91,-1.328,49.28,0.0,
Sweden,Europe,developed,2005,2.872,159.23,1.835,3.529,3.329,-0.334,98.55,0.773,54.8,0.0,
Sweden,Europe,developed,2006,1.783,162.07,1.919,3.936,3.51,1.278,101.84,1.465,56.33,0.0,
Sweden,Europe,developed,2007,1.52,164.53,0.601,3.322,4.684,-1.084,103.02,-3.283,58.43,0.0,
Sweden,Europe,developed,2008,-0.464,163.77,2.087,3.585,5.521,-0.489,106.24,-2.125,44.7,3.0,Global Financial Crisis
Sweden,Europe,developed,2009,-2.127,160.28,1.982,2.87,6.816,-1.322,111.04,2.055,40.85,2.5,GFC trough
Sweden,Europe,developed,2010,-0.988,158.7,1.9,2.502,5.269,2.959,113.95,-1.602,46.39,0.0,
Sweden,Europe,developed,2011,0.219,159.05,2.757,2.928,4.762,1.147,115.66,-0.806,52.17,0.6,Euro debt crisis
Sweden,Europe,developed,2012,1.289,161.1,1.78,2.583,4.41,3.452,114.34,0.563,48.56,0.0,
Sweden,Europe,developed,2013,1.186,163.01,1.492,2.392,4.14,0.014,115.73,-2.833,54.81,0.0,
Sweden,Europe,developed,2014,1.941,166.17,2.228,2.004,4.179,1.352,115.78,-0.11,53.7,0.0,
Sweden,Europe,developed,2015,2.981,171.13,3.472,1.983,4.756,-1.83,119.58,1.439,52.42,0.4,China slowdown
Sweden,Europe,developed,2016,3.132,176.48,3.052,2.769,3.549,2.393,121.79,-0.711,59.81,0.0,
Sweden,Europe,developed,2017,3.297,182.3,3.387,3.037,2.829,-1.135,122.66,1.096,59.8,0.0,
Sweden,Europe,developed,2018,2.98,187.74,4.214,4.24,3.632,-1.644,128.48,-0.846,56.59,0.0,
Sweden,Europe,developed,2019,2.631,192.68,3.02,3.834,4.001,-1.567,137.29,-2.538,51.71,0.0,
Sweden,Europe,developed,2020,-0.121,192.44,3.789,4.068,5.346,-3.687,139.93,-3.266,44.5,2.8,COVID-19
Sweden,Europe,developed,2021,1.264,194.87,3.384,4.039,3.952,0.793,143.87,1.313,54.49,0.2,COVID recovery / stimulus
Sweden,Europe,developed,2022,1.332,197.47,5.165,4.757,4.59,0.283,146.83,-1.674,48.32,1.0,Inflation / rate hike cycle
Sweden,Europe,developed,2023,1.552,200.54,3.787,4.686,3.893,-2.421,152.43,-0.439,49.85,0.4,Rates plateau
Sweden,Europe,developed,2024,2.249,205.05,2.941,4.191,4.386,-1.074,154.85,-0.26,58.11,0.0,
Switzerland,Europe,developed,1985,1.812,101.81,0.241,2.503,3.851,3.776,61.9,-4.182,56.11,0.0,
Switzerland,Europe,developed,1986,2.976,104.84,1.693,3.434,3.002,1.824,62.21,0.301,54.45,0.0,
Switzerland,Europe,developed,1987,1.995,106.93,1.138,3.654,4.403,0.554,61.67,-0.605,51.7,0.8,Black Monday
Switzerland,Europe,developed,1988,2.468,109.57,2.093,4.154,3.388,-5.479,60.16,2.575,55.65,0.0,
Switzerland,Europe,developed,1989,1.851,111.6,3.228,4.872,4.087,-0.587,62.22,-0.154,59.94,0.0,
Switzerland,Europe,developed,1990,1.372,113.13,3.613,5.495,3.729,1.51,64.31,-5.756,46.23,0.6,Gulf War / S&L crisis
Switzerland,Europe,developed,1991,-0.032,113.09,3.682,5.512,5.108,3.902,64.89,-0.799,49.82,0.5,Recession
Switzerland,Europe,developed,1992,-0.016,113.08,3.208,4.736,5.713,-1.363,71.88,-0.667,53.04,0.0,
Switzerland,Europe,developed,1993,0.406,113.54,2.782,4.418,4.857,0.636,73.14,-0.725,49.3,0.0,
Switzerland,Europe,developed,1994,2.134,115.96,2.394,5.042,3.835,0.519,72.97,-1.252,56.56,0.0,
Switzerland,Europe,developed,1995,3.002,119.44,2.333,5.56,3.819,3.255,75.17,4.441,56.88,0.0,
Switzerland,Europe,developed,1996,2.242,122.12,1.138,6.052,4.289,-0.668,80.36,1.394,62.13,0.0,
Switzerland,Europe,developed,1997,0.723,123.0,1.106,5.232,3.652,2.121,82.98,1.507,56.69,1.2,Asian Financial Crisis
Switzerland,Europe,developed,1998,0.42,123.52,0.662,4.645,5.284,-1.133,84.85,2.276,50.3,1.0,LTCM / Russia default
Switzerland,Europe,developed,1999,-0.462,122.95,-0.211,4.437,5.432,-1.524,87.78,0.45,50.92,0.0,
Switzerland,Europe,developed,2000,-0.711,122.07,-0.601,3.662,5.306,1.144,88.49,1.255,51.3,0.0,
Switzerland,Europe,developed,2001,-0.691,121.23,-0.214,2.944,4.928,-0.144,94.09,0.186,43.61,0.9,Dot-com bust / 9-11
Switzerland,Europe,developed,2002,-0.844,120.21,0.188,2.302,5.665,1.046,98.84,3.151,49.24,0.7,Corporate scandals
Switzerland,Europe,developed,2003,-0.743,119.31,-0.333,1.766,5.146,-2.277,100.71,-0.489,45.92,0.0,
Switzerland,Europe,developed,2004,-0.297,118.96,0.917,1.735,6.384,0.341,102.74,0.093,49.94,0.0,
Switzerland,Europe,developed,2005,0.488,119.54,2.635,1.736,5.185,0.416,101.99,1.111,55.16,0.0,
Switzerland,Europe,developed,2006,0.302,119.9,2.341,1.305,4.22,2.096,103.36,-2.56,51.53,0.0,
Switzerland,Europe,developed,2007,0.363,120.33,1.736,1.792,4.238,-1.811,106.12,1.778,54.72,0.0,
Switzerland,Europe,developed,2008,-2.377,117.47,3.009,1.679,7.101,-2.268,112.32,-4.118,39.17,3.0,Global Financial Crisis
Switzerland,Europe,developed,2009,-4.042,112.73,1.809,1.813,7.547,-0.141,116.48,0.033,29.89,2.5,GFC trough
Switzerland,Europe,developed,2010,-3.069,109.27,1.875,2.189,7.343,1.559,120.75,1.295,39.47,0.0,
Switzerland,Europe,developed,2011,-2.244,106.81,1.417,1.482,6.289,0.371,125.39,1.027,43.29,0.6,Euro debt crisis
Switzerland,Europe,developed,2012,-0.899,105.85,1.339,1.629,5.086,0.739,129.61,-1.381,47.66,0.0,
Switzerland,Europe,developed,2013,-0.598,105.22,0.89,1.06,5.932,2.131,133.28,4.037,47.77,0.0,
Switzerland,Europe,developed,2014,1.82,107.14,0.77,1.283,3.891,0.745,136.91,-0.099,60.39,0.0,
Switzerland,Europe,developed,2015,1.779,109.04,0.863,1.024,4.32,-0.268,137.62,-1.452,62.16,0.4,China slowdown
Switzerland,Europe,developed,2016,1.626,110.81,-0.236,0.63,4.161,1.093,140.51,1.784,52.58,0.0,
Switzerland,Europe,developed,2017,1.874,112.89,-0.649,0.252,3.604,-2.377,144.18,1.932,58.13,0.0,
Switzerland,Europe,developed,2018,1.879,115.01,0.342,0.0,4.492,0.354,146.87,1.017,52.26,0.0,
Switzerland,Europe,developed,2019,0.96,116.12,-0.056,0.255,4.865,-2.736,146.73,-1.07,51.6,0.0,
Switzerland,Europe,developed,2020,-2.647,113.04,-1.152,0.0,6.367,-2.361,149.57,1.619,36.43,2.8,COVID-19
Switzerland,Europe,developed,2021,1.18,114.38,0.033,0.0,4.992,-0.612,153.45,1.208,51.85,0.2,COVID recovery / stimulus
Switzerland,Europe,developed,2022,0.723,115.2,2.623,1.023,4.365,0.082,155.68,0.981,46.93,1.0,Inflation / rate hike cycle
Switzerland,Europe,developed,2023,1.302,116.7,2.082,0.879,4.953,4.468,159.74,2.59,53.07,0.4,Rates plateau
Switzerland,Europe,developed,2024,0.43,117.2,0.43,0.948,4.489,-1.829,161.94,1.462,46.84,0.0,
Japan,Asia,developed,1985,1.231,101.23,2.008,1.821,4.82,-0.969,63.05,1.832,56.33,0.0,
Japan,Asia,developed,1986,1.844,103.1,0.845,2.33,3.652,0.519,65.45,0.957,57.16,0.0,
Japan,Asia,developed,1987,0.951,104.08,-0.16,2.372,4.617,2.299,67.63,-2.522,54.47,0.8,Black Monday
Japan,Asia,developed,1988,0.866,104.98,0.306,1.898,5.389,-1.753,69.08,0.363,49.61,0.0,
Japan,Asia,developed,1989,1.223,106.26,1.694,1.898,4.586,-5.499,71.02,-0.894,51.62,0.0,
Japan,Asia,developed,1990,1.221,107.56,1.464,1.971,4.201,-3.834,70.87,1.723,46.54,0.6,Gulf War / S&L crisis
Japan,Asia,developed,1991,-0.069,107.49,1.138,2.631,5.419,-1.114,76.11,-1.582,51.8,0.5,Recession
Japan,Asia,developed,1992,-0.492,106.96,1.929,2.478,4.732,-0.434,79.38,-1.328,50.02,0.0,
Japan,Asia,developed,1993,-0.344,106.59,2.199,2.76,5.141,-0.883,82.44,0.681,55.04,0.0,
Japan,Asia,developed,1994,0.681,107.32,2.7,4.248,4.918,0.969,86.7,-2.588,50.94,0.0,
Japan,Asia,developed,1995,0.582,107.94,2.838,4.231,4.778,2.175,91.35,-0.935,49.93,0.0,
Japan,Asia,developed,1996,1.493,109.55,3.05,3.759,4.097,0.331,95.49,1.145,55.83,0.0,
Japan,Asia,developed,1997,1.366,111.05,2.819,3.67,4.187,0.038,98.18,-4.377,50.96,1.2,Asian Financial Crisis
Japan,Asia,developed,1998,1.073,112.24,2.064,3.573,4.708,-2.158,97.76,-1.076,53.87,1.0,LTCM / Russia default
Japan,Asia,developed,1999,2.192,114.7,2.437,3.17,3.788,0.513,100.39,0.587,54.56,0.0,
Japan,Asia,developed,2000,2.058,117.06,2.446,3.737,3.568,-0.69,97.49,-1.737,55.29,0.0,
Japan,Asia,developed,2001,0.407,117.54,2.165,3.679,3.667,0.431,98.67,0.562,45.71,0.9,Dot-com bust / 9-11
Japan,Asia,developed,2002,0.218,117.79,1.624,3.638,4.953,-0.51,98.68,-3.202,47.58,0.7,Corporate scandals
Japan,Asia,developed,2003,0.534,118.42,0.972,3.608,4.594,-1.93,101.03,0.4,52.75,0.0,
Japan,Asia,developed,2004,1.902,120.67,0.403,3.279,4.262,-0.047,102.46,-2.979,54.81,0.0,
Japan,Asia,developed,2005,1.157,122.07,-0.899,2.361,3.898,1.168,106.04,-1.298,53.08,0.0,
Japan,Asia,developed,2006,0.128,122.23,-0.955,1.968,5.348,-1.426,110.73,-2.505,46.68,0.0,
Japan,Asia,developed,2007,0.897,123.32,0.733,2.11,4.531,-4.39,109.11,0.279,51.92,0.0,
Japan,Asia,developed,2008,-2.316,120.47,1.429,1.995,6.63,0.273,115.22,-1.171,39.47,3.0,Global Financial Crisis
Japan,Asia,developed,2009,-4.049,115.59,3.135,2.255,7.215,1.05,123.22,-5.165,35.71,2.5,GFC trough
Japan,Asia,developed,2010,-2.866,112.28,2.753,1.817,6.696,-1.303,126.95,-1.154,46.22,0.0,
Japan,Asia,developed,2011,-0.885,111.28,2.736,2.127,5.256,2.212,129.43,-1.423,48.78,0.6,Euro debt crisis
Japan,Asia,developed,2012,-0.612,110.6,2.319,1.659,5.658,3.882,133.7,2.468,45.42,0.0,
Japan,Asia,developed,2013,0.058,110.67,1.26,1.614,5.357,0.204,133.5,-2.768,46.05,0.0,
Japan,Asia,developed,2014,0.713,111.45,2.819,2.612,3.695,2.842,138.21,-3.696,51.47,0.0,
Japan,Asia,developed,2015,1.387,113.0,2.646,2.404,4.612,-4.275,140.38,1.722,53.88,0.4,China slowdown
Japan,Asia,developed,2016,1.116,114.26,2.988,3.197,5.097,1.749,145.56,0.809,54.52,0.0,
Japan,Asia,developed,2017,1.266,115.71,2.361,2.866,3.889,-0.564,148.91,2.413,54.09,0.0,
Japan,Asia,developed,2018,1.926,117.94,2.912,3.15,4.334,-0.487,154.38,0.638,52.85,0.0,
Japan,Asia,developed,2019,1.917,120.2,3.808,3.614,4.265,1.092,155.41,0.119,52.21,0.0,
Japan,Asia,developed,2020,-1.563,118.32,3.857,3.972,5.629,0.893,159.89,-2.42,37.01,2.8,COVID-19
Japan,Asia,developed,2021,1.327,119.89,4.046,3.76,3.876,3.136,164.08,-3.621,49.4,0.2,COVID recovery / stimulus
Japan,Asia,developed,2022,0.403,120.37,6.746,4.676,5.452,0.704,169.31,-4.455,52.16,1.0,Inflation / rate hike cycle
Japan,Asia,developed,2023,0.176,120.59,5.617,4.934,5.0,0.704,173.49,-0.636,48.99,0.4,Rates plateau
Japan,Asia,developed,2024,0.118,120.73,5.938,5.966,4.561,1.137,177.08,-3.911,53.49,0.0,
Australia,AsiaPacific,developed,1985,1.778,101.78,3.241,4.489,4.005,0.82,63.44,-1.875,55.33,0.0,
Australia,AsiaPacific,developed,1986,2.101,103.92,2.088,4.278,4.64,3.353,67.06,-2.257,55.22,0.0,
Australia,AsiaPacific,developed,1987,2.486,106.5,2.835,4.677,3.938,-0.145,68.11,-3.896,53.86,0.8,Black Monday
Australia,AsiaPacific,developed,1988,2.676,109.35,3.214,4.267,3.984,4.109,70.34,-0.338,55.71,0.0,
Australia,AsiaPacific,developed,1989,3.927,113.64,2.252,4.412,2.637,-1.094,71.99,2.769,62.41,0.0,
Australia,AsiaPacific,developed,1990,3.194,117.27,2.211,5.387,3.189,-1.142,70.71,2.879,57.41,0.6,Gulf War / S&L crisis
Australia,AsiaPacific,developed,1991,3.646,121.55,1.283,5.627,3.212,1.612,69.56,3.301,57.87,0.5,Recession
Australia,AsiaPacific,developed,1992,3.411,125.7,2.042,5.094,3.005,-0.927,67.9,1.861,59.67,0.0,
Australia,AsiaPacific,developed,1993,2.838,129.26,2.413,4.882,3.745,-1.255,68.27,2.13,54.88,0.0,
Australia,AsiaPacific,developed,1994,4.041,134.49,2.467,4.54,3.593,1.262,71.44,2.391,55.26,0.0,
Australia,AsiaPacific,developed,1995,3.655,139.4,2.336,4.045,3.041,2.673,73.69,-2.643,51.86,0.0,
Australia,AsiaPacific,developed,1996,4.44,145.59,2.297,3.932,2.643,-2.955,78.07,-0.725,62.03,0.0,
Australia,AsiaPacific,developed,1997,3.581,150.81,3.649,4.437,3.636,1.438,81.4,0.351,53.3,1.2,Asian Financial Crisis
Australia,AsiaPacific,developed,1998,4.175,157.1,2.568,4.566,2.92,0.805,82.51,0.609,54.95,1.0,LTCM / Russia default
Australia,AsiaPacific,developed,1999,2.882,161.63,2.562,4.136,2.692,0.274,85.64,1.035,56.85,0.0,
Australia,AsiaPacific,developed,2000,1.702,164.38,1.461,4.664,3.625,1.222,86.96,0.471,51.14,0.0,
Australia,AsiaPacific,developed,2001,1.413,166.7,1.694,4.175,3.768,0.536,87.29,1.097,58.6,0.9,Dot-com bust / 9-11
Australia,AsiaPacific,developed,2002,2.09,170.19,2.388,4.111,2.986,-2.645,92.37,-1.546,50.23,0.7,Corporate scandals
Australia,AsiaPacific,developed,2003,2.168,173.88,1.561,3.42,3.891,-1.783,93.19,-1.281,55.44,0.0,
Australia,AsiaPacific,developed,2004,2.187,177.68,1.606,3.573,3.836,-0.557,96.47,1.605,53.46,0.0,
Australia,AsiaPacific,developed,2005,2.389,181.92,1.159,3.036,4.19,0.89,99.54,0.964,54.4,0.0,
Australia,AsiaPacific,developed,2006,2.909,187.22,2.175,3.555,3.495,2.774,102.19,1.362,56.04,0.0,
Australia,AsiaPacific,developed,2007,3.03,192.89,1.652,3.804,4.908,-0.75,104.59,-0.638,53.95,0.0,
Australia,AsiaPacific,developed,2008,1.199,195.2,1.913,3.466,3.607,-1.515,104.2,0.553,45.04,3.0,Global Financial Crisis
Australia,AsiaPacific,developed,2009,-1.501,192.27,2.33,2.97,6.4,-0.564,106.56,-2.255,41.64,2.5,GFC trough
Australia,AsiaPacific,developed,2010,-0.723,190.88,2.205,2.36,5.56,-3.573,108.65,1.607,49.62,0.0,
Australia,AsiaPacific,developed,2011,0.212,191.29,2.548,2.966,5.357,0.892,113.47,1.486,47.86,0.6,Euro debt crisis
Australia,AsiaPacific,developed,2012,0.052,191.39,2.875,3.292,5.519,-1.873,114.76,0.807,49.88,0.0,
Australia,AsiaPacific,developed,2013,-0.392,190.64,3.1,2.628,4.723,2.703,121.43,-2.611,48.31,0.0,
Australia,AsiaPacific,developed,2014,0.431,191.46,4.405,2.963,4.546,3.097,123.63,0.873,46.34,0.0,
Australia,AsiaPacific,developed,2015,0.741,192.88,2.486,2.614,5.049,-0.1,125.78,-1.493,49.86,0.4,China slowdown
Australia,AsiaPacific,developed,2016,1.436,195.65,3.275,1.919,3.866,0.318,127.87,0.574,53.37,0.0,
Australia,AsiaPacific,developed,2017,1.594,198.77,2.699,2.162,4.777,-1.464,130.1,0.307,57.53,0.0,
Australia,AsiaPacific,developed,2018,1.716,202.18,3.426,3.133,4.11,-0.421,132.15,-0.789,55.63,0.0,
Australia,AsiaPacific,developed,2019,2.125,206.47,3.429,3.046,3.454,4.287,134.36,-1.828,58.09,0.0,
Australia,AsiaPacific,developed,2020,-0.537,205.36,3.496,3.183,5.109,-0.339,135.32,-0.566,48.99,2.8,COVID-19
Australia,AsiaPacific,developed,2021,2.449,210.39,2.479,3.312,5.145,1.733,136.33,1.188,51.75,0.2,COVID recovery / stimulus
Australia,AsiaPacific,developed,2022,0.824,212.13,4.305,3.784,3.652,-2.298,139.75,-1.358,50.66,1.0,Inflation / rate hike cycle
Australia,AsiaPacific,developed,2023,0.289,212.74,3.885,3.542,5.677,-3.432,141.0,0.419,54.71,0.4,Rates plateau
Australia,AsiaPacific,developed,2024,1.106,215.1,4.058,3.916,3.934,-0.98,141.91,-3.025,53.18,0.0,
South_Korea,Asia,developed,1985,3.826,103.83,3.756,3.986,3.235,-0.977,64.38,0.571,57.96,0.0,
South_Korea,Asia,developed,1986,3.541,107.5,3.749,3.655,3.023,-0.524,64.57,-2.506,49.69,0.0,
South_Korea,Asia,developed,1987,2.077,109.74,2.938,3.725,3.162,-2.736,70.34,-1.105,51.67,0.8,Black Monday
South_Korea,Asia,developed,1988,3.068,113.1,3.581,3.143,3.35,-3.236,76.97,-3.214,50.27,0.0,
South_Korea,Asia,developed,1989,2.802,116.27,2.367,3.505,4.81,-0.951,76.3,-4.134,52.38,0.0,
South_Korea,Asia,developed,1990,2.317,118.96,2.283,3.305,4.039,0.646,77.79,-1.838,53.37,0.6,Gulf War / S&L crisis
South_Korea,Asia,developed,1991,1.97,121.31,3.363,3.58,3.304,-2.868,78.57,-2.071,53.45,0.5,Recession
South_Korea,Asia,developed,1992,2.813,124.72,4.27,3.923,3.698,2.399,81.59,-0.095,57.57,0.0,
South_Korea,Asia,developed,1993,3.304,128.84,3.872,3.669,3.7,2.474,83.4,2.504,47.76,0.0,
South_Korea,Asia,developed,1994,3.57,133.44,3.766,3.493,4.407,-0.132,84.38,-0.028,47.96,0.0,
South_Korea,Asia,developed,1995,3.346,137.91,4.499,3.53,2.912,2.619,88.95,0.734,52.35,0.0,
South_Korea,Asia,developed,1996,3.491,142.72,3.656,3.237,2.732,-1.236,88.7,-3.174,54.54,0.0,
South_Korea,Asia,developed,1997,3.404,147.58,5.153,3.449,3.446,0.625,90.21,0.993,53.71,1.2,Asian Financial Crisis
South_Korea,Asia,developed,1998,3.515,152.77,4.492,3.613,2.559,-1.612,90.99,-2.546,53.22,1.0,LTCM / Russia default
South_Korea,Asia,developed,1999,4.479,159.61,3.567,3.873,2.244,-0.61,91.32,1.184,52.94,0.0,
South_Korea,Asia,developed,2000,5.091,167.73,3.357,3.72,1.828,0.506,94.61,0.589,62.37,0.0,
South_Korea,Asia,developed,2001,4.901,175.96,3.056,3.64,2.784,-1.676,98.59,0.856,54.42,0.9,Dot-com bust / 9-11
South_Korea,Asia,developed,2002,4.733,184.28,4.481,4.075,2.577,3.017,102.38,-0.936,53.87,0.7,Corporate scandals
South_Korea,Asia,developed,2003,4.792,193.11,4.574,3.86,1.833,-1.775,102.2,-1.61,57.23,0.0,
South_Korea,Asia,developed,2004,4.618,202.03,4.516,3.704,2.46,1.175,105.14,-1.754,55.62,0.0,
South_Korea,Asia,developed,2005,5.908,213.97,4.299,3.831,1.959,0.184,106.27,-0.302,52.23,0.0,
South_Korea,Asia,developed,2006,4.978,224.62,4.02,4.018,2.228,-0.354,108.18,1.623,55.23,0.0,
South_Korea,Asia,developed,2007,5.098,236.07,3.483,4.36,2.639,1.732,111.5,1.183,55.37,0.0,
South_Korea,Asia,developed,2008,2.395,241.72,4.967,4.293,3.488,0.363,115.34,-4.181,46.38,3.0,Global Financial Crisis
South_Korea,Asia,developed,2009,-0.508,240.5,4.078,4.015,5.174,2.832,116.7,-5.918,43.25,2.5,GFC trough
South_Korea,Asia,developed,2010,0.438,241.55,4.848,4.431,4.82,-0.741,122.18,-0.444,48.03,0.0,
South_Korea,Asia,developed,2011,0.124,241.85,4.562,4.654,6.076,0.123,124.37,-2.688,50.59,0.6,Euro debt crisis
South_Korea,Asia,developed,2012,0.159,242.24,4.79,4.922,5.139,-0.439,129.29,-0.045,47.84,0.0,
South_Korea,Asia,developed,2013,2.355,247.94,4.25,5.177,2.613,2.553,135.53,-0.165,54.29,0.0,
South_Korea,Asia,developed,2014,3.226,255.94,3.586,5.218,2.983,-1.218,140.94,1.924,51.47,0.0,
South_Korea,Asia,developed,2015,2.924,263.42,2.842,5.138,3.038,0.713,145.77,0.021,55.48,0.4,China slowdown
South_Korea,Asia,developed,2016,3.136,271.68,2.803,4.392,3.941,-1.533,149.45,0.067,50.33,0.0,
South_Korea,Asia,developed,2017,3.111,280.14,4.049,4.508,2.94,0.611,152.24,6.744,54.31,0.0,
South_Korea,Asia,developed,2018,3.23,289.19,5.075,4.029,3.432,3.989,154.88,-3.939,52.4,0.0,
South_Korea,Asia,developed,2019,4.42,301.97,5.061,4.11,2.447,-1.119,158.19,2.208,58.07,0.0,
South_Korea,Asia,developed,2020,1.714,307.14,3.473,3.422,4.41,-2.691,161.13,-2.619,43.23,2.8,COVID-19
South_Korea,Asia,developed,2021,4.454,320.82,4.932,4.327,3.077,0.147,162.41,-2.571,53.02,0.2,COVID recovery / stimulus
South_Korea,Asia,developed,2022,3.811,333.05,7.015,4.252,2.701,2.409,165.6,-3.888,59.3,1.0,Inflation / rate hike cycle
South_Korea,Asia,developed,2023,3.666,345.26,5.989,4.947,2.983,-1.455,173.24,1.26,55.74,0.4,Rates plateau
South_Korea,Asia,developed,2024,4.22,359.83,4.689,5.637,2.468,0.567,173.62,-4.438,55.64,0.0,
China,Asia,emerging,1985,6.529,106.53,-0.178,4.965,5.795,4.779,50.27,1.238,57.02,0.0,
China,Asia,emerging,1986,8.118,115.18,-0.07,4.248,4.091,3.108,50.21,0.56,59.55,0.0,
China,Asia,emerging,1987,8.915,125.45,1.799,5.467,3.349,5.246,51.52,16.955,50.77,0.8,Black Monday
China,Asia,emerging,1988,7.734,135.15,3.037,5.636,5.108,0.663,53.88,6.041,57.27,0.0,
China,Asia,emerging,1989,6.522,143.96,6.005,7.021,5.039,2.409,55.52,-1.055,56.27,0.0,
China,Asia,emerging,1990,5.604,152.03,4.217,5.906,4.822,2.444,56.82,0.952,54.04,0.6,Gulf War / S&L crisis
China,Asia,emerging,1991,3.825,157.85,7.275,6.137,5.871,2.965,55.1,-4.995,54.49,0.5,Recession
China,Asia,emerging,1992,2.659,162.04,8.815,8.016,6.486,2.584,59.86,-3.838,54.38,0.0,
China,Asia,emerging,1993,3.064,167.01,6.857,7.354,6.639,4.316,61.9,-7.273,48.79,0.0,
China,Asia,emerging,1994,4.646,174.77,9.934,8.557,5.483,3.532,63.61,-3.732,50.22,0.0,
China,Asia,emerging,1995,7.05,187.09,3.629,8.664,4.243,1.179,68.54,-3.519,52.66,0.0,
China,Asia,emerging,1996,7.006,200.2,4.491,7.955,3.71,0.269,72.63,0.167,56.02,0.0,
China,Asia,emerging,1997,6.016,212.24,3.313,8.708,4.898,1.113,77.04,-3.466,49.83,1.2,Asian Financial Crisis
China,Asia,emerging,1998,5.799,224.55,3.201,8.172,6.146,2.672,74.53,1.811,51.98,1.0,LTCM / Russia default
China,Asia,emerging,1999,6.277,238.64,3.813,7.659,4.835,3.226,75.28,-4.742,63.26,0.0,
China,Asia,emerging,2000,5.848,252.6,4.011,6.062,5.134,0.134,76.01,5.162,55.31,0.0,
China,Asia,emerging,2001,5.568,266.67,0.286,6.512,4.62,5.057,79.95,3.941,49.35,0.9,Dot-com bust / 9-11
China,Asia,emerging,2002,5.558,281.49,-0.023,5.378,5.096,-2.077,83.89,0.741,50.85,0.7,Corporate scandals
China,Asia,emerging,2003,5.496,296.96,1.459,4.004,4.124,2.814,86.29,-0.296,50.22,0.0,
China,Asia,emerging,2004,6.229,315.46,-1.002,2.231,4.51,3.688,86.27,-0.799,60.02,0.0,
China,Asia,emerging,2005,7.095,337.84,0.636,1.683,4.154,-2.373,88.52,3.191,54.19,0.0,
China,Asia,emerging,2006,7.156,362.01,2.741,0.748,4.127,-0.273,92.11,4.696,48.16,0.0,
China,Asia,emerging,2007,5.551,382.11,2.688,0.686,4.562,5.89,93.26,2.708,51.62,0.0,
China,Asia,emerging,2008,2.53,391.77,3.2,0.674,7.041,-1.258,98.18,0.095,42.46,3.0,Global Financial Crisis
China,Asia,emerging,2009,-0.71,388.99,0.296,0.194,8.388,1.071,98.68,-6.628,43.13,2.5,GFC trough
China,Asia,emerging,2010,0.644,391.5,4.091,0.475,8.313,0.933,101.11,-0.365,45.34,0.0,
China,Asia,emerging,2011,3.697,405.97,4.322,1.658,5.775,1.67,100.83,6.023,52.2,0.6,Euro debt crisis
China,Asia,emerging,2012,5.213,427.14,6.934,3.694,5.776,-0.843,100.99,-5.96,55.66,0.0,
China,Asia,emerging,2013,6.115,453.26,3.526,3.648,4.196,1.894,98.95,2.726,55.21,0.0,
China,Asia,emerging,2014,8.876,493.49,5.277,4.023,3.971,-0.795,97.56,1.223,49.44,0.0,
China,Asia,emerging,2015,8.312,534.5,2.591,4.114,3.305,2.848,98.35,7.365,54.76,0.4,China slowdown
China,Asia,emerging,2016,7.312,573.59,2.339,2.904,4.547,3.18,103.95,-2.671,54.07,0.0,
China,Asia,emerging,2017,6.793,612.55,3.055,3.378,4.577,4.173,103.73,5.154,56.14,0.0,
China,Asia,emerging,2018,7.08,655.92,2.574,5.331,4.051,2.596,103.77,9.296,57.38,0.0,
China,Asia,emerging,2019,6.496,698.53,3.845,5.497,4.494,3.516,106.31,1.065,54.21,0.0,
China,Asia,emerging,2020,2.389,715.22,3.945,5.194,6.485,5.388,107.43,1.151,51.27,2.8,COVID-19
China,Asia,emerging,2021,6.208,759.62,4.195,4.456,5.058,-0.746,108.06,-10.88,54.46,0.2,COVID recovery / stimulus
China,Asia,emerging,2022,4.556,794.23,4.64,5.449,5.068,3.594,109.16,7.756,53.29,1.0,Inflation / rate hike cycle
China,Asia,emerging,2023,3.707,823.67,1.588,5.159,6.015,1.661,114.32,-3.08,51.95,0.4,Rates plateau
China,Asia,emerging,2024,5.926,872.48,3.649,4.93,4.893,-1.478,114.13,1.637,53.54,0.0,
India,Asia,emerging,1985,6.59,106.59,8.579,6.525,4.587,0.377,49.59,6.534,57.79,0.0,
India,Asia,emerging,1986,6.916,113.96,11.751,6.609,4.538,0.733,48.67,-0.072,52.0,0.0,
India,Asia,emerging,1987,7.24,122.21,12.929,8.388,3.453,-1.934,50.94,-1.823,45.89,0.8,Black Monday
India,Asia,emerging,1988,8.547,132.66,11.916,8.897,4.224,-1.355,50.35,0.167,61.92,0.0,
India,Asia,emerging,1989,9.983,145.9,11.552,10.38,3.404,-2.514,52.21,-5.186,58.63,0.0,
India,Asia,emerging,1990,7.88,157.4,11.824,11.269,2.524,0.358,54.96,0.632,54.55,0.6,Gulf War / S&L crisis
India,Asia,emerging,1991,8.305,170.47,11.55,12.25,4.37,0.725,54.74,-13.707,53.96,0.5,Recession
India,Asia,emerging,1992,8.767,185.41,9.834,13.024,3.691,2.576,55.66,1.338,58.26,0.0,
India,Asia,emerging,1993,10.002,203.96,5.754,11.848,3.423,3.092,57.12,-1.24,59.97,0.0,
India,Asia,emerging,1994,10.169,224.7,5.184,11.365,3.506,3.781,59.5,0.616,57.66,0.0,
India,Asia,emerging,1995,9.921,246.99,5.216,10.829,2.511,2.594,58.18,-1.775,57.92,0.0,
India,Asia,emerging,1996,11.455,275.29,4.627,9.672,1.997,3.318,52.8,-4.452,67.01,0.0,
India,Asia,emerging,1997,10.285,303.6,3.014,8.737,2.891,1.692,56.9,2.989,53.89,1.2,Asian Financial Crisis
India,Asia,emerging,1998,9.803,333.36,2.147,6.918,2.218,-3.13,55.45,-4.583,56.48,1.0,LTCM / Russia default
India,Asia,emerging,1999,7.538,358.49,-2.0,4.261,3.995,-1.211,58.94,-0.518,58.44,0.0,
India,Asia,emerging,2000,7.381,384.95,-0.385,2.52,4.28,-1.53,59.51,0.884,52.84,0.0,
India,Asia,emerging,2001,7.276,412.96,1.734,1.82,4.435,-0.168,58.0,1.782,51.93,0.9,Dot-com bust / 9-11
India,Asia,emerging,2002,5.433,435.4,-0.614,0.629,5.567,-1.389,63.59,6.563,56.69,0.7,Corporate scandals
India,Asia,emerging,2003,6.779,464.91,4.514,0.529,3.33,-0.892,64.78,1.353,56.04,0.0,
India,Asia,emerging,2004,8.419,504.05,5.676,2.097,3.321,-2.191,67.89,0.752,54.61,0.0,
India,Asia,emerging,2005,7.319,540.95,4.542,1.887,3.699,-3.001,67.69,-2.377,58.95,0.0,
India,Asia,emerging,2006,7.591,582.01,5.464,1.908,4.144,0.722,69.23,-0.159,59.08,0.0,
India,Asia,emerging,2007,7.453,625.38,7.257,2.522,3.367,0.537,70.97,2.65,57.0,0.0,
India,Asia,emerging,2008,3.321,646.15,6.332,3.359,6.553,-1.122,75.21,-16.079,51.46,3.0,Global Financial Crisis
India,Asia,emerging,2009,2.483,662.2,5.09,3.516,6.836,-5.491,75.69,-6.762,47.65,2.5,GFC trough
India,Asia,emerging,2010,4.968,695.1,4.729,2.679,5.679,-0.653,76.5,-0.927,60.55,0.0,
India,Asia,emerging,2011,2.387,711.69,4.754,2.623,6.416,1.8,80.07,0.285,49.82,0.6,Euro debt crisis
India,Asia,emerging,2012,3.406,735.93,4.894,2.624,6.203,0.505,83.18,-5.669,49.47,0.0,
India,Asia,emerging,2013,2.206,752.16,6.948,3.259,7.15,-2.859,88.91,-3.179,52.2,0.0,
India,Asia,emerging,2014,4.43,785.48,4.884,2.864,5.875,5.715,90.94,8.516,57.02,0.0,
India,Asia,emerging,2015,5.274,826.91,2.949,3.442,4.614,3.202,92.74,-12.186,52.24,0.4,China slowdown
India,Asia,emerging,2016,6.49,880.58,3.185,3.801,4.33,-2.612,93.71,1.152,53.95,0.0,
India,Asia,emerging,2017,8.09,951.82,2.148,3.671,3.989,-3.113,91.67,1.365,62.17,0.0,
India,Asia,emerging,2018,8.513,1032.85,-0.433,0.273,4.11,-0.192,93.48,-2.324,57.6,0.0,
India,Asia,emerging,2019,9.15,1127.36,0.059,-0.309,3.438,1.085,92.62,6.802,55.65,0.0,
India,Asia,emerging,2020,3.019,1161.39,5.021,-0.29,6.207,-0.132,94.05,-3.197,46.6,2.8,COVID-19
India,Asia,emerging,2021,7.024,1242.96,2.002,1.335,4.415,1.161,91.58,-1.006,52.99,0.2,COVID recovery / stimulus
India,Asia,emerging,2022,7.581,1337.19,4.53,2.429,3.884,-0.905,91.58,7.01,48.16,1.0,Inflation / rate hike cycle
India,Asia,emerging,2023,5.457,1410.17,0.189,0.747,4.866,-3.229,90.72,-8.18,50.34,0.4,Rates plateau
India,Asia,emerging,2024,7.283,1512.88,2.259,0.939,3.857,-3.072,88.51,1.056,58.21,0.0,
Brazil,LatAm,emerging,1985,4.083,104.08,9.261,11.775,5.971,-0.643,52.14,9.807,51.52,0.0,
Brazil,LatAm,emerging,1986,3.531,107.76,11.432,11.448,5.913,-1.058,54.42,-9.01,57.67,0.0,
Brazil,LatAm,emerging,1987,3.797,111.85,11.875,11.766,6.145,-1.799,56.62,9.605,55.02,0.8,Black Monday
Brazil,LatAm,emerging,1988,2.173,114.28,11.46,11.436,6.314,-2.082,59.02,3.647,55.36,0.0,
Brazil,LatAm,emerging,1989,3.007,117.72,8.571,11.217,6.632,-1.257,61.55,2.036,53.97,0.0,
Brazil,LatAm,emerging,1990,2.317,120.44,11.922,12.028,7.431,1.119,62.2,-6.687,50.16,0.6,Gulf War / S&L crisis
Brazil,LatAm,emerging,1991,0.262,120.76,11.125,13.013,8.497,0.616,65.71,-11.349,49.65,0.5,Recession
Brazil,LatAm,emerging,1992,0.977,121.94,10.866,15.039,8.132,1.57,68.46,-3.425,51.34,0.0,
Brazil,LatAm,emerging,1993,0.552,122.61,11.294,15.426,7.18,2.394,73.66,-9.633,50.77,0.0,
Brazil,LatAm,emerging,1994,1.502,124.45,12.58,15.561,7.663,0.374,76.02,-8.45,55.87,0.0,
Brazil,LatAm,emerging,1995,3.312,128.58,12.31,17.216,6.873,1.367,79.13,7.364,57.13,0.0,
Brazil,LatAm,emerging,1996,2.771,132.14,10.112,17.097,5.779,1.399,82.45,1.22,53.05,0.0,
Brazil,LatAm,emerging,1997,1.871,134.61,8.399,16.209,8.009,2.77,88.73,-0.246,53.25,1.2,Asian Financial Crisis
Brazil,LatAm,emerging,1998,3.029,138.69,6.492,15.178,5.575,2.246,98.09,0.853,46.67,1.0,LTCM / Russia default
Brazil,LatAm,emerging,1999,3.752,143.89,4.985,13.549,6.437,0.509,101.98,-2.344,56.63,0.0,
Brazil,LatAm,emerging,2000,3.198,148.49,3.37,12.024,6.571,-0.356,103.87,6.334,47.11,0.0,
Brazil,LatAm,emerging,2001,1.538,150.78,2.943,10.891,7.512,2.254,107.47,4.45,51.35,0.9,Dot-com bust / 9-11
Brazil,LatAm,emerging,2002,-0.665,149.77,7.7,9.564,8.542,0.78,113.37,-2.383,49.97,0.7,Corporate scandals
Brazil,LatAm,emerging,2003,-1.497,147.53,7.628,9.058,8.41,0.857,121.06,-1.605,49.85,0.0,
Brazil,LatAm,emerging,2004,-0.188,147.26,5.917,8.585,7.944,-1.393,127.09,1.798,44.92,0.0,
Brazil,LatAm,emerging,2005,-1.248,145.42,7.183,7.942,8.775,1.562,129.95,-6.813,52.94,0.0,
Brazil,LatAm,emerging,2006,0.361,145.94,6.508,7.27,7.564,-2.381,136.44,-3.436,53.88,0.0,
Brazil,LatAm,emerging,2007,0.665,146.91,4.72,6.726,6.355,-0.242,140.65,5.108,45.45,0.0,
Brazil,LatAm,emerging,2008,-0.832,145.69,7.857,8.199,8.39,2.028,143.72,-7.57,37.66,3.0,Global Financial Crisis
Brazil,LatAm,emerging,2009,-3.898,140.01,7.337,7.443,10.137,-3.616,146.09,6.127,35.48,2.5,GFC trough
Brazil,LatAm,emerging,2010,-3.308,135.38,7.463,8.348,9.863,0.296,154.94,-3.493,44.58,0.0,
Brazil,LatAm,emerging,2011,-2.027,132.64,7.473,8.089,9.05,0.069,159.27,4.167,42.49,0.6,Euro debt crisis
Brazil,LatAm,emerging,2012,-0.907,131.43,6.988,8.441,7.394,1.782,164.22,6.403,47.05,0.0,
Brazil,LatAm,emerging,2013,0.136,131.61,11.018,9.217,8.551,0.078,171.55,-0.556,52.77,0.0,
Brazil,LatAm,emerging,2014,0.154,131.82,8.446,9.011,7.973,-0.442,179.56,6.39,47.33,0.0,
Brazil,LatAm,emerging,2015,-0.13,131.64,5.205,10.22,8.217,0.96,184.46,0.833,50.51,0.4,China slowdown
Brazil,LatAm,emerging,2016,0.474,132.27,7.915,12.128,7.289,-2.044,191.28,8.056,53.92,0.0,
Brazil,LatAm,emerging,2017,1.068,133.68,8.005,11.312,7.911,-0.76,198.93,3.042,51.22,0.0,
Brazil,LatAm,emerging,2018,1.394,135.55,8.025,11.936,8.126,1.171,209.24,-1.007,50.2,0.0,
Brazil,LatAm,emerging,2019,2.705,139.21,8.363,10.867,6.483,-0.166,216.23,7.3,55.95,0.0,
Brazil,LatAm,emerging,2020,0.552,139.98,8.537,11.04,7.256,0.024,225.53,-9.357,44.35,2.8,COVID-19
Brazil,LatAm,emerging,2021,4.585,146.4,10.752,11.457,5.942,-0.364,228.19,-3.249,60.48,0.2,COVID recovery / stimulus
Brazil,LatAm,emerging,2022,1.096,148.0,13.227,13.84,7.072,0.004,236.83,6.568,49.58,1.0,Inflation / rate hike cycle
Brazil,LatAm,emerging,2023,1.353,150.0,14.05,15.331,6.886,-1.295,250.0,-4.936,45.1,0.4,Rates plateau
Brazil,LatAm,emerging,2024,1.826,152.74,9.88,16.459,7.176,-1.81,250.0,-10.011,49.74,0.0,
Mexico,LatAm,emerging,1985,4.02,104.02,10.964,10.177,5.944,-0.864,50.41,8.96,56.61,0.0,
Mexico,LatAm,emerging,1986,6.253,110.52,12.858,10.222,4.54,-1.338,51.92,-2.209,70.16,0.0,
Mexico,LatAm,emerging,1987,3.697,114.61,12.156,11.797,6.151,0.22,52.64,-1.164,56.54,0.8,Black Monday
Mexico,LatAm,emerging,1988,3.866,119.04,12.165,13.787,6.535,0.143,53.31,-4.7,56.24,0.0,
Mexico,LatAm,emerging,1989,3.902,123.69,10.076,13.133,5.455,-3.302,55.77,-8.421,53.97,0.0,
Mexico,LatAm,emerging,1990,2.194,126.4,6.969,12.802,7.273,-1.099,58.44,2.547,50.58,0.6,Gulf War / S&L crisis
Mexico,LatAm,emerging,1991,0.206,126.66,9.436,13.33,8.198,1.851,58.81,5.888,50.54,0.5,Recession
Mexico,LatAm,emerging,1992,2.068,129.28,9.623,13.292,6.829,0.734,61.91,3.402,48.93,0.0,
Mexico,LatAm,emerging,1993,1.601,131.35,13.088,13.465,7.08,-1.765,66.6,-5.658,52.3,0.0,
Mexico,LatAm,emerging,1994,2.919,135.19,10.373,14.231,6.951,2.11,70.85,15.044,58.38,0.0,
Mexico,LatAm,emerging,1995,3.279,139.62,7.847,13.633,7.074,3.419,77.72,3.522,52.09,0.0,
Mexico,LatAm,emerging,1996,3.744,144.85,5.094,11.428,6.248,1.046,83.07,2.907,58.28,0.0,
Mexico,LatAm,emerging,1997,1.686,147.29,5.39,9.449,6.155,1.481,85.53,4.696,53.94,1.2,Asian Financial Crisis
Mexico,LatAm,emerging,1998,0.742,148.38,6.624,8.652,6.706,0.247,88.69,-2.238,55.25,1.0,LTCM / Russia default
Mexico,LatAm,emerging,1999,-0.575,147.53,7.365,7.775,8.742,0.597,93.69,-4.984,46.68,0.0,
Mexico,LatAm,emerging,2000,1.507,149.75,10.734,9.123,6.798,0.678,102.66,-0.758,57.08,0.0,
Mexico,LatAm,emerging,2001,-0.133,149.55,9.691,10.023,8.265,-1.533,106.25,3.984,51.54,0.9,Dot-com bust / 9-11
Mexico,LatAm,emerging,2002,1.9,152.39,12.605,11.209,6.895,2.702,112.75,-6.744,48.89,0.7,Corporate scandals
Mexico,LatAm,emerging,2003,2.84,156.72,11.029,11.803,7.116,1.518,120.55,-11.016,55.83,0.0,
Mexico,LatAm,emerging,2004,3.789,162.66,7.07,10.986,5.685,0.043,128.65,9.942,54.32,0.0,
Mexico,LatAm,emerging,2005,4.298,169.65,8.074,11.39,6.05,0.607,137.13,5.04,54.5,0.0,
Mexico,LatAm,emerging,2006,5.004,178.14,9.544,12.058,6.064,0.376,142.99,-0.307,52.88,0.0,
Mexico,LatAm,emerging,2007,4.481,186.12,7.598,10.949,6.476,1.008,148.28,-3.154,58.89,0.0,
Mexico,LatAm,emerging,2008,1.776,189.42,6.565,10.515,7.546,-3.872,154.61,-19.782,45.67,3.0,Global Financial Crisis
Mexico,LatAm,emerging,2009,-0.478,188.52,9.839,10.459,8.385,3.989,160.76,4.667,49.49,2.5,GFC trough
Mexico,LatAm,emerging,2010,1.367,191.1,9.786,10.745,7.005,0.152,169.32,-1.051,51.49,0.0,
Mexico,LatAm,emerging,2011,1.149,193.29,11.561,12.403,7.092,-1.337,178.1,6.119,54.29,0.6,Euro debt crisis
Mexico,LatAm,emerging,2012,0.185,193.65,10.021,11.669,7.774,3.209,183.43,-9.151,47.84,0.0,
Mexico,LatAm,emerging,2013,1.308,196.18,10.558,12.345,7.934,-3.526,194.21,-2.778,54.53,0.0,
Mexico,LatAm,emerging,2014,0.218,196.61,9.757,12.496,8.469,-3.171,203.48,-6.403,51.91,0.0,
Mexico,LatAm,emerging,2015,1.681,199.91,11.4,12.487,7.623,2.722,209.36,1.592,55.08,0.4,China slowdown
Mexico,LatAm,emerging,2016,1.775,203.46,7.998,12.904,6.513,-0.357,218.85,3.128,51.29,0.0,
Mexico,LatAm,emerging,2017,1.335,206.18,7.896,13.253,8.476,-3.015,229.78,-5.852,55.44,0.0,
Mexico,LatAm,emerging,2018,0.7,207.62,6.268,11.859,7.612,0.646,240.71,0.041,47.26,0.0,
Mexico,LatAm,emerging,2019,2.223,212.24,6.208,12.175,6.534,-3.205,250.0,6.567,54.45,0.0,
Mexico,LatAm,emerging,2020,-1.747,208.53,4.246,12.182,8.359,-1.451,250.0,-22.4,43.15,2.8,COVID-19
Mexico,LatAm,emerging,2021,3.394,215.61,7.213,11.706,5.772,-0.28,250.0,2.217,58.08,0.2,COVID recovery / stimulus
Mexico,LatAm,emerging,2022,3.943,224.11,10.614,12.976,5.88,-0.957,250.0,-3.167,55.85,1.0,Inflation / rate hike cycle
Mexico,LatAm,emerging,2023,2.108,228.83,7.188,12.916,7.389,-1.971,250.0,-2.87,53.01,0.4,Rates plateau
Mexico,LatAm,emerging,2024,4.107,238.23,8.665,13.475,6.901,-1.408,250.0,-4.26,56.57,0.0,
Argentina,LatAm,emerging,1985,-0.825,99.17,24.585,29.259,8.805,0.705,55.44,3.074,50.11,0.0,
Argentina,LatAm,emerging,1986,-1.041,98.14,23.682,27.065,7.975,-1.485,62.4,-4.332,45.86,0.0,
Argentina,LatAm,emerging,1987,-2.151,96.03,24.4,27.4,9.277,0.025,67.17,-2.92,41.8,0.8,Black Monday
Argentina,LatAm,emerging,1988,-1.598,94.5,24.67,28.586,9.205,-1.975,76.77,3.301,43.59,0.0,
Argentina,LatAm,emerging,1989,0.321,94.8,24.415,27.413,8.067,0.434,84.53,-0.012,48.64,0.0,
Argentina,LatAm,emerging,1990,0.513,95.29,24.725,27.761,7.922,-2.309,91.68,-10.967,51.78,0.6,Gulf War / S&L crisis
Argentina,LatAm,emerging,1991,-1.77,93.6,25.213,28.158,9.186,-2.408,101.88,8.287,49.72,0.5,Recession
Argentina,LatAm,emerging,1992,0.357,93.93,25.846,27.698,8.181,-0.316,113.36,-3.418,50.37,0.0,
Argentina,LatAm,emerging,1993,0.965,94.84,26.169,28.623,7.228,-2.687,128.05,12.096,53.75,0.0,
Argentina,LatAm,emerging,1994,-0.365,94.49,24.389,28.922,8.853,-2.426,141.03,1.163,51.68,0.0,
Argentina,LatAm,emerging,1995,-0.186,94.32,21.383,28.603,8.656,-0.165,155.99,-1.287,47.0,0.0,
Argentina,LatAm,emerging,1996,1.592,95.82,22.882,28.698,7.955,-2.11,169.84,1.425,52.29,0.0,
Argentina,LatAm,emerging,1997,1.994,97.73,23.155,27.683,7.036,0.341,187.34,2.519,53.97,1.2,Asian Financial Crisis
Argentina,LatAm,emerging,1998,1.9,99.58,22.979,26.996,7.195,-0.666,207.42,7.317,54.65,1.0,LTCM / Russia default
Argentina,LatAm,emerging,1999,2.379,101.95,23.207,26.063,6.702,0.203,225.38,2.885,58.71,0.0,
Argentina,LatAm,emerging,2000,1.579,103.56,22.2,27.152,7.596,-0.782,245.05,0.326,54.04,0.0,
Argentina,LatAm,emerging,2001,1.176,104.78,27.95,28.711,6.569,-0.97,250.0,1.127,37.97,0.9,Dot-com bust / 9-11
Argentina,LatAm,emerging,2002,1.676,106.54,48.036,35.279,5.776,1.876,250.0,-18.661,54.13,0.7,Corporate scandals
Argentina,LatAm,emerging,2003,3.263,110.01,47.67,39.353,5.438,1.384,250.0,-1.153,52.19,0.0,
Argentina,LatAm,emerging,2004,1.254,111.39,44.471,42.311,7.57,-2.861,250.0,-2.836,51.49,0.0,
Argentina,LatAm,emerging,2005,1.359,112.91,56.185,47.438,7.405,0.758,250.0,-10.677,54.26,0.0,
Argentina,LatAm,emerging,2006,2.846,116.12,57.405,52.028,6.253,1.046,250.0,-7.791,57.2,0.0,
Argentina,LatAm,emerging,2007,2.395,118.9,63.944,56.199,6.994,0.463,250.0,-14.341,61.67,0.0,
Argentina,LatAm,emerging,2008,-1.634,116.96,72.757,61.355,9.583,2.742,250.0,-19.658,38.86,3.0,Global Financial Crisis
Argentina,LatAm,emerging,2009,-3.724,112.6,66.161,67.245,9.986,-0.794,250.0,-31.758,39.12,2.5,GFC trough
Argentina,LatAm,emerging,2010,-1.449,110.97,60.408,69.548,9.231,0.861,250.0,-14.607,48.98,0.0,
Argentina,LatAm,emerging,2011,-4.62,105.85,54.709,69.797,10.079,2.073,250.0,-8.151,39.64,0.6,Euro debt crisis
Argentina,LatAm,emerging,2012,-2.82,102.86,55.274,70.434,8.555,-1.087,250.0,-15.759,36.48,0.0,
Argentina,LatAm,emerging,2013,-1.451,101.37,54.987,70.588,7.796,0.905,250.0,-17.905,49.78,0.0,
Argentina,LatAm,emerging,2014,0.455,101.83,56.06,71.896,8.033,1.737,250.0,-16.823,48.93,0.0,
Argentina,LatAm,emerging,2015,0.571,102.41,57.383,73.684,8.289,-1.745,250.0,-13.954,50.06,0.4,China slowdown
Argentina,LatAm,emerging,2016,1.439,103.88,52.902,73.82,6.983,3.855,250.0,-7.708,52.14,0.0,
Argentina,LatAm,emerging,2017,3.687,107.72,57.259,75.595,6.449,-0.109,250.0,3.015,60.17,0.0,
Argentina,LatAm,emerging,2018,3.53,111.52,52.425,74.562,6.096,-3.075,250.0,-10.817,58.66,0.0,
Argentina,LatAm,emerging,2019,5.396,117.53,50.347,73.253,5.99,2.253,250.0,-9.817,66.86,0.0,
Argentina,LatAm,emerging,2020,-0.52,116.92,47.328,71.401,8.363,-1.551,250.0,-42.425,45.2,2.8,COVID-19
Argentina,LatAm,emerging,2021,4.376,122.04,52.385,70.761,5.737,-1.125,250.0,1.245,61.94,0.2,COVID recovery / stimulus
Argentina,LatAm,emerging,2022,3.394,126.18,52.099,70.518,6.439,-0.538,250.0,-6.421,55.34,1.0,Inflation / rate hike cycle
Argentina,LatAm,emerging,2023,1.175,127.66,46.631,67.733,7.666,1.931,250.0,-8.445,50.52,0.4,Rates plateau
Argentina,LatAm,emerging,2024,0.175,127.89,45.135,65.818,7.825,-3.957,250.0,-9.894,50.33,0.0,
Chile,LatAm,emerging,1985,2.288,102.29,3.335,5.886,6.85,0.959,55.07,4.013,55.75,0.0,
Chile,LatAm,emerging,1986,4.451,106.84,4.708,6.029,6.279,2.146,58.03,-7.335,53.04,0.0,
Chile,LatAm,emerging,1987,3.609,110.7,6.337,6.467,6.764,2.63,62.55,5.476,49.8,0.8,Black Monday
Chile,LatAm,emerging,1988,4.286,115.44,4.755,5.231,5.713,2.649,65.17,10.013,55.89,0.0,
Chile,LatAm,emerging,1989,7.152,123.7,5.059,5.802,3.785,2.221,65.16,-3.403,62.78,0.0,
Chile,LatAm,emerging,1990,6.794,132.1,7.491,6.499,4.578,-0.12,68.01,6.87,58.4,0.6,Gulf War / S&L crisis
Chile,LatAm,emerging,1991,7.265,141.7,8.855,7.536,4.782,3.412,73.42,4.628,58.16,0.5,Recession
Chile,LatAm,emerging,1992,6.189,150.47,9.136,9.927,5.123,0.909,75.85,-3.03,57.25,0.0,
Chile,LatAm,emerging,1993,5.804,159.2,11.645,10.965,5.124,-1.731,80.04,4.69,62.13,0.0,
Chile,LatAm,emerging,1994,5.597,168.11,11.365,11.836,5.465,0.628,83.32,-1.371,58.35,0.0,
Chile,LatAm,emerging,1995,4.845,176.25,9.507,13.592,6.933,-2.409,84.74,-6.288,55.75,0.0,
Chile,LatAm,emerging,1996,5.709,186.32,9.688,13.961,5.41,-1.384,88.09,-1.657,52.38,0.0,
Chile,LatAm,emerging,1997,3.248,192.37,6.631,13.876,6.499,1.222,89.22,-8.057,53.65,1.2,Asian Financial Crisis
Chile,LatAm,emerging,1998,-0.379,191.64,8.486,11.88,8.611,-1.777,96.72,14.845,40.71,1.0,LTCM / Russia default
Chile,LatAm,emerging,1999,1.551,194.61,4.073,11.134,7.121,0.26,99.66,4.031,47.59,0.0,
Chile,LatAm,emerging,2000,3.778,201.96,3.34,9.039,6.909,-0.135,107.04,6.455,52.33,0.0,
Chile,LatAm,emerging,2001,2.656,207.33,3.702,9.599,6.891,0.353,111.02,-0.013,55.43,0.9,Dot-com bust / 9-11
Chile,LatAm,emerging,2002,2.482,212.47,3.015,8.235,6.482,-2.804,113.59,7.937,51.08,0.7,Corporate scandals
Chile,LatAm,emerging,2003,3.832,220.61,-1.645,7.034,6.004,-0.963,117.19,-0.636,48.42,0.0,
Chile,LatAm,emerging,2004,5.105,231.88,0.07,5.789,4.964,-2.94,120.15,9.396,56.99,0.0,
Chile,LatAm,emerging,2005,3.295,239.52,1.406,5.104,6.785,1.213,117.03,3.654,51.11,0.0,
Chile,LatAm,emerging,2006,1.89,244.04,1.648,4.842,6.235,1.409,121.69,1.09,49.76,0.0,
Chile,LatAm,emerging,2007,1.367,247.38,4.27,3.633,7.849,-0.33,124.41,-8.472,51.27,0.0,
Chile,LatAm,emerging,2008,-0.713,245.62,2.483,3.654,8.401,-1.288,130.0,-15.498,47.97,3.0,Global Financial Crisis
Chile,LatAm,emerging,2009,-0.482,244.43,3.106,3.19,7.923,-0.606,134.72,-13.085,50.8,2.5,GFC trough
Chile,LatAm,emerging,2010,0.689,246.12,0.696,1.507,8.044,-0.119,138.88,-1.527,53.35,0.0,
Chile,LatAm,emerging,2011,1.052,248.71,0.44,0.8,6.875,3.979,140.76,4.441,48.5,0.6,Euro debt crisis
Chile,LatAm,emerging,2012,0.652,250.33,0.784,1.449,7.414,-1.741,143.49,3.61,55.74,0.0,
Chile,LatAm,emerging,2013,2.038,255.43,2.815,2.256,6.404,-1.927,143.68,-6.155,54.93,0.0,
Chile,LatAm,emerging,2014,3.002,263.1,3.311,0.476,7.527,-1.789,149.09,-6.89,51.31,0.0,
Chile,LatAm,emerging,2015,0.493,264.39,3.993,0.122,7.217,-2.745,152.59,3.709,55.25,0.4,China slowdown
Chile,LatAm,emerging,2016,0.672,266.17,4.532,-0.195,7.497,-1.038,155.23,5.075,53.81,0.0,
Chile,LatAm,emerging,2017,0.617,267.81,6.523,0.975,7.529,-1.417,156.38,8.105,51.69,0.0,
Chile,LatAm,emerging,2018,1.798,272.63,5.594,3.841,7.754,-1.442,159.1,-1.399,52.68,0.0,
Chile,LatAm,emerging,2019,1.632,277.08,6.253,5.619,6.527,-2.256,162.32,-2.71,58.04,0.0,
Chile,LatAm,emerging,2020,-0.449,275.83,7.511,5.883,8.081,-2.903,169.16,-15.016,45.07,2.8,COVID-19
Chile,LatAm,emerging,2021,3.335,285.03,8.025,6.855,6.778,-2.94,175.13,-1.16,50.59,0.2,COVID recovery / stimulus
Chile,LatAm,emerging,2022,-0.075,284.82,9.847,8.857,8.875,0.711,185.84,-1.819,50.77,1.0,Inflation / rate hike cycle
Chile,LatAm,emerging,2023,0.127,285.18,6.908,8.213,6.906,2.574,191.13,-4.73,45.82,0.4,Rates plateau
Chile,LatAm,emerging,2024,0.975,287.96,9.954,10.631,6.682,-0.709,196.87,3.306,52.08,0.0,
Colombia,LatAm,emerging,1985,2.736,102.74,5.645,7.093,7.439,1.094,53.58,-13.378,53.71,0.0,
Colombia,LatAm,emerging,1986,5.427,108.31,8.268,6.444,5.13,-2.403,58.41,0.391,55.45,0.0,
Colombia,LatAm,emerging,1987,4.586,113.28,2.612,5.166,5.725,1.691,56.14,-1.039,57.98,0.8,Black Monday
Colombia,LatAm,emerging,1988,2.573,116.19,3.648,5.083,7.571,-0.46,57.88,4.83,49.7,0.0,
Colombia,LatAm,emerging,1989,2.54,119.14,3.107,4.724,7.154,1.108,58.44,1.401,58.1,0.0,
Colombia,LatAm,emerging,1990,0.822,120.12,4.156,4.482,7.557,-3.261,63.86,-3.469,53.05,0.6,Gulf War / S&L crisis
Colombia,LatAm,emerging,1991,-0.454,119.58,3.342,5.123,8.724,0.417,68.55,-0.795,48.33,0.5,Recession
Colombia,LatAm,emerging,1992,-0.26,119.27,5.581,4.662,8.872,-0.632,71.63,3.769,49.7,0.0,
Colombia,LatAm,emerging,1993,0.323,119.65,5.505,5.565,7.507,-0.252,74.75,4.321,50.16,0.0,
Colombia,LatAm,emerging,1994,3.287,123.59,5.191,5.58,6.271,-2.633,74.94,-2.561,58.1,0.0,
Colombia,LatAm,emerging,1995,3.301,127.67,4.284,6.56,7.125,2.511,75.72,-2.111,60.16,0.0,
Colombia,LatAm,emerging,1996,3.64,132.31,3.992,6.947,6.684,-1.143,78.64,5.085,51.72,0.0,
Colombia,LatAm,emerging,1997,2.98,136.25,2.288,5.482,6.229,0.954,80.52,-2.279,52.01,1.2,Asian Financial Crisis
Colombia,LatAm,emerging,1998,1.253,137.96,3.62,6.098,7.334,-0.405,84.46,-9.578,51.4,1.0,LTCM / Russia default
Colombia,LatAm,emerging,1999,5.537,145.6,3.751,5.972,5.603,3.291,88.27,-10.253,59.6,0.0,
Colombia,LatAm,emerging,2000,8.239,157.6,5.346,5.598,4.021,-2.561,91.74,-4.733,61.99,0.0,
Colombia,LatAm,emerging,2001,4.95,165.4,4.172,6.882,5.577,-1.118,91.95,-8.96,51.52,0.9,Dot-com bust / 9-11
Colombia,LatAm,emerging,2002,4.207,172.36,6.342,6.769,6.682,-1.435,94.15,-5.65,57.58,0.7,Corporate scandals
Colombia,LatAm,emerging,2003,6.672,183.86,2.65,6.199,5.296,-2.894,97.03,6.962,59.77,0.0,
Colombia,LatAm,emerging,2004,6.664,196.11,6.742,8.469,4.637,-1.065,97.66,4.512,55.41,0.0,
Colombia,LatAm,emerging,2005,5.695,207.28,6.699,8.356,5.292,5.129,100.16,-2.537,61.18,0.0,
Colombia,LatAm,emerging,2006,5.559,218.8,9.338,9.377,5.096,-3.567,100.07,-10.33,59.08,0.0,
Colombia,LatAm,emerging,2007,3.535,226.54,11.081,10.378,6.111,-1.688,105.37,-5.697,52.09,0.0,
Colombia,LatAm,emerging,2008,1.477,229.88,11.514,10.96,7.582,0.018,111.45,-8.889,44.37,3.0,Global Financial Crisis
Colombia,LatAm,emerging,2009,1.175,232.58,9.374,11.784,7.78,2.294,115.61,4.075,46.78,2.5,GFC trough
Colombia,LatAm,emerging,2010,1.253,235.5,7.906,12.883,6.871,-1.884,124.92,2.401,58.15,0.0,
Colombia,LatAm,emerging,2011,0.999,237.85,8.125,11.95,7.572,-3.548,132.53,0.83,50.05,0.6,Euro debt crisis
Colombia,LatAm,emerging,2012,1.281,240.9,5.811,11.768,6.774,1.024,142.98,7.334,47.31,0.0,
Colombia,LatAm,emerging,2013,1.317,244.07,6.592,11.154,6.642,0.771,149.34,9.244,51.12,0.0,
Colombia,LatAm,emerging,2014,3.389,252.34,3.839,9.401,6.666,2.167,152.63,0.619,50.7,0.0,
Colombia,LatAm,emerging,2015,3.084,260.12,5.565,8.752,6.333,-2.26,156.45,8.771,53.83,0.4,China slowdown
Colombia,LatAm,emerging,2016,2.111,265.61,4.923,7.052,6.438,2.721,160.84,9.627,52.73,0.0,
Colombia,LatAm,emerging,2017,2.54,272.36,6.32,5.093,6.833,-0.098,167.51,4.577,50.23,0.0,
Colombia,LatAm,emerging,2018,4.395,284.33,5.631,4.827,5.901,-0.406,173.69,1.664,56.9,0.0,
Colombia,LatAm,emerging,2019,5.377,299.62,7.791,6.511,6.021,1.217,177.81,5.509,57.41,0.0,
Colombia,LatAm,emerging,2020,1.073,302.83,10.496,8.899,7.459,-0.907,187.44,1.433,44.97,2.8,COVID-19
Colombia,LatAm,emerging,2021,5.003,317.98,10.853,9.475,5.563,0.531,192.54,2.913,60.61,0.2,COVID recovery / stimulus
Colombia,LatAm,emerging,2022,4.716,332.98,12.03,11.344,5.681,-2.471,201.12,-1.228,62.52,1.0,Inflation / rate hike cycle
Colombia,LatAm,emerging,2023,5.886,352.58,11.306,12.452,5.139,-2.007,205.43,-6.105,57.46,0.4,Rates plateau
Colombia,LatAm,emerging,2024,2.888,362.76,9.056,12.265,6.448,-1.323,213.44,7.553,56.11,0.0,
Russia,EasternEurope,emerging,1985,2.328,102.33,8.863,9.896,6.452,-1.538,54.81,-2.058,50.6,0.0,
Russia,EasternEurope,emerging,1986,2.444,104.83,9.127,8.32,6.758,1.736,58.34,11.111,57.83,0.0,
Russia,EasternEurope,emerging,1987,3.922,108.94,14.814,10.556,6.121,1.947,59.98,-1.206,52.99,0.8,Black Monday
Russia,EasternEurope,emerging,1988,4.169,113.48,12.347,10.764,6.122,-0.275,58.81,-8.282,53.51,0.0,
Russia,EasternEurope,emerging,1989,2.817,116.68,12.506,11.6,7.124,1.506,64.15,1.99,55.32,0.0,
Russia,EasternEurope,emerging,1990,3.222,120.44,13.924,12.785,7.025,-4.692,67.13,-3.006,57.63,0.6,Gulf War / S&L crisis
Russia,EasternEurope,emerging,1991,3.852,125.08,10.207,13.832,5.488,-2.282,70.34,-1.953,50.75,0.5,Recession
Russia,EasternEurope,emerging,1992,4.419,130.6,11.324,14.73,5.574,-0.079,74.06,7.743,48.86,0.0,
Russia,EasternEurope,emerging,1993,2.916,134.41,10.87,13.566,6.413,-0.252,76.88,-0.239,56.74,0.0,
Russia,EasternEurope,emerging,1994,2.653,137.98,9.59,13.005,6.67,-3.481,82.01,-2.432,58.21,0.0,
Russia,EasternEurope,emerging,1995,3.449,142.74,11.812,12.412,6.09,-2.485,84.62,5.417,60.21,0.0,
Russia,EasternEurope,emerging,1996,1.959,145.53,10.333,12.211,7.313,-3.52,85.92,2.048,47.42,0.0,
Russia,EasternEurope,emerging,1997,1.043,147.05,10.615,12.429,7.408,-0.732,92.62,0.942,47.4,1.2,Asian Financial Crisis
Russia,EasternEurope,emerging,1998,1.098,148.67,10.89,13.722,7.844,2.429,96.99,-3.188,49.12,1.0,LTCM / Russia default
Russia,EasternEurope,emerging,1999,1.401,150.75,8.496,13.943,7.741,-0.611,103.91,1.266,54.49,0.0,
Russia,EasternEurope,emerging,2000,0.313,151.22,8.306,12.947,8.156,-1.257,104.85,-5.2,50.34,0.0,
Russia,EasternEurope,emerging,2001,-0.014,151.2,11.7,13.353,8.048,-0.065,113.35,-3.761,47.76,0.9,Dot-com bust / 9-11
Russia,EasternEurope,emerging,2002,-1.083,149.56,13.942,13.969,8.188,-0.229,121.52,-2.736,45.19,0.7,Corporate scandals
Russia,EasternEurope,emerging,2003,-0.722,148.48,13.631,13.851,8.134,-2.672,128.94,-2.296,47.83,0.0,
Russia,EasternEurope,emerging,2004,0.572,149.33,14.201,14.822,7.99,-0.481,135.37,-6.78,49.17,0.0,
Russia,EasternEurope,emerging,2005,1.328,151.32,11.588,14.633,6.853,-3.322,144.55,-3.149,49.7,0.0,
Russia,EasternEurope,emerging,2006,0.558,152.16,11.917,15.511,7.519,-0.431,155.25,-9.927,56.83,0.0,
Russia,EasternEurope,emerging,2007,4.226,158.59,5.921,14.005,5.527,-0.53,161.67,4.983,56.71,0.0,
Russia,EasternEurope,emerging,2008,-0.648,157.56,7.032,13.1,7.732,-3.292,174.5,-2.978,50.22,3.0,Global Financial Crisis
Russia,EasternEurope,emerging,2009,-2.889,153.01,7.962,13.378,9.734,-3.037,181.85,-3.366,35.02,2.5,GFC trough
Russia,EasternEurope,emerging,2010,-0.308,152.54,5.997,13.142,9.064,-0.497,191.99,-5.259,51.36,0.0,
Russia,EasternEurope,emerging,2011,-0.354,152.0,4.871,11.259,7.944,-0.65,202.54,-2.688,53.42,0.6,Euro debt crisis
Russia,EasternEurope,emerging,2012,-0.981,150.51,8.928,9.942,8.49,-0.98,210.19,4.028,52.87,0.0,
Russia,EasternEurope,emerging,2013,1.568,152.87,8.132,9.795,6.825,-1.983,215.61,-1.928,53.36,0.0,
Russia,EasternEurope,emerging,2014,-0.243,152.5,8.213,10.619,8.682,-1.17,221.75,2.535,42.64,0.0,
Russia,EasternEurope,emerging,2015,1.785,155.22,7.663,11.599,6.244,1.836,230.77,-1.254,48.07,0.4,China slowdown
Russia,EasternEurope,emerging,2016,2.929,159.77,9.283,12.846,7.04,-1.188,238.78,-6.927,59.3,0.0,
Russia,EasternEurope,emerging,2017,2.138,163.18,12.187,13.491,7.096,-0.614,250.0,-1.033,52.46,0.0,
Russia,EasternEurope,emerging,2018,3.313,168.59,11.262,12.861,6.643,-0.128,250.0,-2.948,51.9,0.0,
Russia,EasternEurope,emerging,2019,5.442,177.76,13.902,14.425,5.085,-0.601,250.0,-3.24,57.17,0.0,
Russia,EasternEurope,emerging,2020,3.203,183.46,12.547,15.989,5.699,1.036,250.0,-9.288,46.24,2.8,COVID-19
Russia,EasternEurope,emerging,2021,7.376,196.99,11.697,15.95,3.695,3.114,250.0,-0.967,58.43,0.2,COVID recovery / stimulus
Russia,EasternEurope,emerging,2022,7.05,210.88,13.226,15.428,3.594,-1.292,250.0,-4.382,61.98,1.0,Inflation / rate hike cycle
Russia,EasternEurope,emerging,2023,5.312,222.08,12.252,14.94,5.376,3.842,250.0,0.947,53.36,0.4,Rates plateau
Russia,EasternEurope,emerging,2024,6.683,236.92,10.647,15.687,4.597,1.223,250.0,-2.756,64.41,0.0,
Poland,EasternEurope,emerging,1985,2.589,102.59,6.056,5.47,6.88,-0.924,52.14,-5.84,54.44,0.0,
Poland,EasternEurope,emerging,1986,2.87,105.53,4.664,5.42,6.632,-1.233,53.87,-5.077,61.14,0.0,
Poland,EasternEurope,emerging,1987,3.898,109.65,5.29,6.577,5.061,-5.115,55.05,-7.13,53.26,0.8,Black Monday
Poland,EasternEurope,emerging,1988,4.046,114.08,6.973,6.102,6.177,0.029,57.54,-3.341,59.93,0.0,
Poland,EasternEurope,emerging,1989,3.785,118.4,10.026,6.644,6.479,-0.119,58.89,1.504,54.51,0.0,
Poland,EasternEurope,emerging,1990,-0.441,117.88,3.075,6.875,8.835,3.775,62.26,-6.036,46.91,0.6,Gulf War / S&L crisis
Poland,EasternEurope,emerging,1991,-0.642,117.12,1.514,7.005,9.441,0.957,65.79,-5.579,52.72,0.5,Recession
Poland,EasternEurope,emerging,1992,0.485,117.69,1.533,6.27,7.465,0.294,66.0,6.326,50.38,0.0,
Poland,EasternEurope,emerging,1993,2.629,120.79,1.724,5.356,6.079,1.52,66.52,-1.599,53.76,0.0,
Poland,EasternEurope,emerging,1994,2.993,124.4,-1.133,3.888,6.901,-0.757,67.95,2.502,53.9,0.0,
Poland,EasternEurope,emerging,1995,1.883,126.74,-0.079,3.773,6.533,-0.749,67.39,6.081,52.41,0.0,
Poland,EasternEurope,emerging,1996,1.267,128.35,1.021,2.119,6.85,-2.92,67.31,7.83,49.61,0.0,
Poland,EasternEurope,emerging,1997,1.745,130.59,0.268,2.15,6.615,0.078,69.44,12.908,51.98,1.2,Asian Financial Crisis
Poland,EasternEurope,emerging,1998,0.992,131.88,2.317,3.684,6.689,-1.685,71.54,-1.431,48.42,1.0,LTCM / Russia default
Poland,EasternEurope,emerging,1999,0.054,131.95,5.561,2.799,7.873,2.092,74.06,-5.215,46.03,0.0,
Poland,EasternEurope,emerging,2000,0.764,132.96,3.835,3.013,6.917,1.626,76.73,1.149,55.42,0.0,
Poland,EasternEurope,emerging,2001,-0.152,132.76,2.404,2.203,7.98,-0.182,77.71,-9.487,46.3,0.9,Dot-com bust / 9-11
Poland,EasternEurope,emerging,2002,0.678,133.66,3.04,3.117,8.639,1.519,83.07,4.272,54.7,0.7,Corporate scandals
Poland,EasternEurope,emerging,2003,3.729,138.65,5.234,4.222,6.033,-0.083,84.33,2.886,53.17,0.0,
Poland,EasternEurope,emerging,2004,3.568,143.59,0.377,4.869,6.106,0.911,89.41,2.738,59.43,0.0,
Poland,EasternEurope,emerging,2005,2.186,146.73,5.996,6.072,7.012,2.85,90.04,-1.892,57.46,0.0,
Poland,EasternEurope,emerging,2006,0.399,147.32,6.818,6.701,8.785,-3.166,96.95,-3.493,49.23,0.0,
Poland,EasternEurope,emerging,2007,-0.167,147.07,4.179,6.496,7.527,1.481,99.57,-5.969,48.18,0.0,
Poland,EasternEurope,emerging,2008,-2.321,143.66,4.528,5.944,9.509,2.165,103.72,-5.247,42.1,3.0,Global Financial Crisis
Poland,EasternEurope,emerging,2009,-5.294,136.05,2.181,4.121,10.543,-1.522,110.25,-10.833,36.44,2.5,GFC trough
Poland,EasternEurope,emerging,2010,-3.181,131.72,-0.264,2.269,9.39,-0.787,114.26,-1.879,49.89,0.0,
Poland,EasternEurope,emerging,2011,-1.2,130.14,-0.478,1.357,8.662,2.429,115.95,5.33,47.21,0.6,Euro debt crisis
Poland,EasternEurope,emerging,2012,1.89,132.6,3.1,1.7,6.924,1.013,117.61,8.822,52.94,0.0,
Poland,EasternEurope,emerging,2013,1.931,135.16,2.461,0.723,7.313,-1.64,121.48,-5.853,53.14,0.0,
Poland,EasternEurope,emerging,2014,3.828,140.33,-1.436,1.743,5.873,0.282,124.11,5.411,56.29,0.0,
Poland,EasternEurope,emerging,2015,4.828,147.11,0.509,2.917,5.847,3.929,127.59,-7.832,63.93,0.4,China slowdown
Poland,EasternEurope,emerging,2016,3.932,152.89,4.299,3.313,6.565,-1.377,130.93,-1.206,60.35,0.0,
Poland,EasternEurope,emerging,2017,4.475,159.74,6.211,2.368,5.72,0.821,132.97,4.293,55.3,0.0,
Poland,EasternEurope,emerging,2018,4.415,166.79,8.231,1.923,6.087,-0.668,132.58,0.563,59.99,0.0,
Poland,EasternEurope,emerging,2019,5.558,176.06,7.215,3.925,5.655,-0.175,133.09,-3.991,60.45,0.0,
Poland,EasternEurope,emerging,2020,1.118,178.03,4.299,2.59,7.857,-1.094,136.73,1.773,45.86,2.8,COVID-19
Poland,EasternEurope,emerging,2021,4.434,185.92,6.499,4.537,5.118,1.14,141.35,-1.532,55.52,0.2,COVID recovery / stimulus
Poland,EasternEurope,emerging,2022,3.627,192.67,9.589,6.302,6.467,-1.964,147.01,4.307,53.74,1.0,Inflation / rate hike cycle
Poland,EasternEurope,emerging,2023,1.528,195.61,7.502,6.865,6.664,-0.72,148.8,2.136,51.88,0.4,Rates plateau
Poland,EasternEurope,emerging,2024,0.171,195.94,7.604,7.064,8.173,-0.783,152.3,-4.785,48.63,0.0,
Turkey,EasternEurope,emerging,1985,4.523,104.52,15.296,17.916,5.527,-0.703,58.35,-3.942,53.35,0.0,
Turkey,EasternEurope,emerging,1986,8.47,113.38,16.079,17.365,4.187,-1.82,62.66,-1.378,58.09,0.0,
Turkey,EasternEurope,emerging,1987,9.008,123.59,17.108,19.051,3.713,-0.889,66.84,5.414,58.81,0.8,Black Monday
Turkey,EasternEurope,emerging,1988,10.043,136.0,18.387,20.241,3.104,0.274,67.39,-1.467,61.82,0.0,
Turkey,EasternEurope,emerging,1989,8.158,147.1,18.385,20.958,4.308,1.326,71.51,-7.852,64.44,0.0,
Turkey,EasternEurope,emerging,1990,6.113,156.09,17.826,20.997,4.699,3.088,79.01,1.374,55.27,0.6,Gulf War / S&L crisis
Turkey,EasternEurope,emerging,1991,5.253,164.29,17.577,21.031,5.543,-0.882,84.98,0.248,56.65,0.5,Recession
Turkey,EasternEurope,emerging,1992,4.322,171.39,18.482,20.622,5.553,-1.058,88.79,4.034,51.89,0.0,
Turkey,EasternEurope,emerging,1993,3.528,177.43,20.296,20.891,6.142,-2.024,96.97,2.645,56.14,0.0,
Turkey,EasternEurope,emerging,1994,4.416,185.27,19.384,21.018,5.385,2.58,105.29,-4.782,55.03,0.0,
Turkey,EasternEurope,emerging,1995,4.077,192.82,16.251,20.957,5.754,-1.905,109.72,-8.194,53.42,0.0,
Turkey,EasternEurope,emerging,1996,4.08,200.69,14.25,20.834,5.927,1.154,116.99,-3.711,54.88,0.0,
Turkey,EasternEurope,emerging,1997,2.03,204.76,15.703,19.632,7.444,-0.677,127.52,-5.824,47.82,1.2,Asian Financial Crisis
Turkey,EasternEurope,emerging,1998,2.625,210.14,17.735,21.195,6.708,3.675,136.36,4.673,48.09,1.0,LTCM / Russia default
Turkey,EasternEurope,emerging,1999,3.598,217.7,12.505,19.189,6.434,-2.625,145.99,5.281,52.49,0.0,
Turkey,EasternEurope,emerging,2000,2.786,223.76,12.056,17.447,6.557,0.204,154.18,9.255,50.94,0.0,
Turkey,EasternEurope,emerging,2001,3.809,232.28,10.45,16.513,6.687,2.263,161.92,4.14,53.7,0.9,Dot-com bust / 9-11
Turkey,EasternEurope,emerging,2002,2.819,238.83,12.536,17.545,6.826,1.133,173.01,-6.566,53.11,0.7,Corporate scandals
Turkey,EasternEurope,emerging,2003,2.144,243.95,11.849,18.457,6.801,-1.48,186.26,-3.793,51.04,0.0,
Turkey,EasternEurope,emerging,2004,4.357,254.58,12.565,16.581,6.094,-0.793,199.29,-2.3,57.99,0.0,
Turkey,EasternEurope,emerging,2005,6.648,271.51,11.35,15.979,4.87,-1.715,209.39,-0.03,56.65,0.0,
Turkey,EasternEurope,emerging,2006,6.295,288.6,12.222,15.923,4.553,-1.11,219.27,0.609,55.68,0.0,
Turkey,EasternEurope,emerging,2007,6.36,306.95,9.148,14.473,4.68,-1.712,232.14,1.85,57.6,0.0,
Turkey,EasternEurope,emerging,2008,1.84,312.6,11.127,12.959,6.995,-1.874,242.36,-22.323,50.44,3.0,Global Financial Crisis
Turkey,EasternEurope,emerging,2009,0.827,315.18,13.98,14.32,7.923,-0.906,250.0,2.307,53.4,2.5,GFC trough
Turkey,EasternEurope,emerging,2010,1.432,319.7,18.13,15.221,7.952,3.393,250.0,-3.364,48.49,0.0,
Turkey,EasternEurope,emerging,2011,0.448,321.13,19.286,16.141,7.802,1.112,250.0,5.148,48.25,0.6,Euro debt crisis
Turkey,EasternEurope,emerging,2012,2.225,328.27,19.67,18.396,6.835,-4.247,250.0,-0.397,49.37,0.0,
Turkey,EasternEurope,emerging,2013,3.096,338.44,18.014,17.836,6.788,-1.127,250.0,-3.217,57.15,0.0,
Turkey,EasternEurope,emerging,2014,3.523,350.36,17.569,18.013,6.47,2.699,250.0,2.664,55.73,0.0,
Turkey,EasternEurope,emerging,2015,1.996,357.35,15.023,17.664,6.639,-2.129,250.0,-6.74,50.65,0.4,China slowdown
Turkey,EasternEurope,emerging,2016,2.663,366.87,13.433,17.287,6.451,2.181,250.0,3.952,53.57,0.0,
Turkey,EasternEurope,emerging,2017,1.565,372.61,13.565,15.863,7.163,-1.49,250.0,-6.281,51.78,0.0,
Turkey,EasternEurope,emerging,2018,3.111,384.2,15.667,15.618,6.454,0.368,250.0,-7.607,50.72,0.0,
Turkey,EasternEurope,emerging,2019,6.948,410.9,14.987,14.643,4.235,-5.538,250.0,4.053,54.99,0.0,
Turkey,EasternEurope,emerging,2020,1.896,418.69,16.557,13.902,6.391,-0.456,250.0,-12.685,47.15,2.8,COVID-19
Turkey,EasternEurope,emerging,2021,5.293,440.85,18.744,15.579,5.457,-2.893,250.0,-2.778,54.98,0.2,COVID recovery / stimulus
Turkey,EasternEurope,emerging,2022,5.278,464.12,19.356,18.061,6.083,1.506,250.0,-12.238,57.1,1.0,Inflation / rate hike cycle
Turkey,EasternEurope,emerging,2023,4.942,487.05,16.155,19.284,5.098,-0.848,250.0,-5.914,54.36,0.4,Rates plateau
Turkey,EasternEurope,emerging,2024,6.264,517.56,16.346,20.524,5.435,0.015,250.0,-5.933,59.25,0.0,
South_Africa,Africa,emerging,1985,0.64,100.64,5.847,7.984,8.415,-1.15,51.72,-0.066,52.33,0.0,
South_Africa,Africa,emerging,1986,0.92,101.57,8.076,7.583,7.6,0.89,53.82,3.726,52.29,0.0,
South_Africa,Africa,emerging,1987,1.861,103.46,8.261,8.295,6.753,-1.262,59.13,2.649,49.05,0.8,Black Monday
South_Africa,Africa,emerging,1988,2.238,105.77,3.161,7.021,7.361,-0.25,61.94,-14.08,53.3,0.0,
South_Africa,Africa,emerging,1989,2.709,108.64,4.759,7.562,6.54,-0.331,61.87,-0.5,51.63,0.0,
South_Africa,Africa,emerging,1990,-0.52,108.07,3.217,7.869,8.125,0.44,64.52,-7.968,50.57,0.6,Gulf War / S&L crisis
South_Africa,Africa,emerging,1991,-3.572,104.21,2.932,6.587,9.901,-1.453,65.24,-2.935,39.61,0.5,Recession
South_Africa,Africa,emerging,1992,-2.982,101.1,5.586,5.211,9.641,0.317,71.07,-0.391,46.41,0.0,
South_Africa,Africa,emerging,1993,-1.818,99.27,6.637,4.134,7.59,0.755,75.36,2.336,44.79,0.0,
South_Africa,Africa,emerging,1994,1.049,100.31,5.69,4.76,7.773,3.437,77.49,-3.023,47.6,0.0,
South_Africa,Africa,emerging,1995,3.275,103.59,6.695,5.71,7.921,0.65,77.23,-1.038,53.63,0.0,
South_Africa,Africa,emerging,1996,2.606,106.29,5.851,5.446,6.0,3.185,80.31,-0.933,57.48,0.0,
South_Africa,Africa,emerging,1997,2.505,108.95,6.756,6.435,6.815,1.34,84.73,0.737,51.95,1.2,Asian Financial Crisis
South_Africa,Africa,emerging,1998,3.86,113.16,5.581,6.878,6.277,-1.219,85.81,-1.494,54.24,1.0,LTCM / Russia default
South_Africa,Africa,emerging,1999,1.77,115.16,4.462,6.746,7.748,1.109,83.81,3.818,51.87,0.0,
South_Africa,Africa,emerging,2000,2.621,118.18,4.841,6.416,6.638,-0.045,89.33,0.399,58.5,0.0,
South_Africa,Africa,emerging,2001,2.644,121.31,6.395,5.211,7.236,-0.916,93.45,-4.831,49.93,0.9,Dot-com bust / 9-11
South_Africa,Africa,emerging,2002,4.465,126.72,4.446,6.232,5.827,-0.84,95.84,-5.889,57.49,0.7,Corporate scandals
South_Africa,Africa,emerging,2003,2.799,130.27,4.066,6.712,6.728,-2.964,100.63,0.695,53.97,0.0,
South_Africa,Africa,emerging,2004,3.745,135.15,4.218,5.553,7.051,-0.035,103.02,-1.341,61.03,0.0,
South_Africa,Africa,emerging,2005,2.929,139.11,1.585,4.303,7.199,1.664,104.97,8.341,58.1,0.0,
South_Africa,Africa,emerging,2006,2.627,142.76,2.236,4.171,6.271,0.009,108.11,-7.156,54.69,0.0,
South_Africa,Africa,emerging,2007,2.357,146.13,5.145,2.954,6.631,-0.964,112.28,0.189,60.1,0.0,
South_Africa,Africa,emerging,2008,-0.288,145.71,5.435,3.454,7.967,1.719,113.17,-4.945,47.1,3.0,Global Financial Crisis
South_Africa,Africa,emerging,2009,-4.908,138.55,7.837,3.769,9.512,-6.003,115.11,-7.775,37.08,2.5,GFC trough
South_Africa,Africa,emerging,2010,-3.591,133.58,5.354,3.359,9.812,0.462,117.77,4.851,40.95,0.0,
South_Africa,Africa,emerging,2011,-3.387,129.06,4.946,4.124,9.627,-1.389,124.15,11.18,42.66,0.6,Euro debt crisis
South_Africa,Africa,emerging,2012,-0.309,128.66,7.329,4.197,8.168,-2.565,127.4,-3.38,48.17,0.0,
South_Africa,Africa,emerging,2013,-0.382,128.17,6.589,4.997,8.131,-3.729,129.93,-7.624,49.97,0.0,
South_Africa,Africa,emerging,2014,1.068,129.53,7.084,4.841,7.59,-0.94,131.22,3.534,54.59,0.0,
South_Africa,Africa,emerging,2015,2.449,132.71,5.471,6.023,6.529,1.307,133.88,-0.811,46.84,0.4,China slowdown
South_Africa,Africa,emerging,2016,2.225,135.66,5.859,5.827,7.766,-2.325,136.42,-4.332,52.76,0.0,
South_Africa,Africa,emerging,2017,3.656,140.62,8.943,6.229,5.81,-2.314,142.49,4.872,56.99,0.0,
South_Africa,Africa,emerging,2018,1.817,143.17,5.841,6.431,7.366,-4.132,146.05,8.289,52.98,0.0,
South_Africa,Africa,emerging,2019,3.9,148.76,7.271,6.078,5.904,-0.257,147.63,-5.081,62.32,0.0,
South_Africa,Africa,emerging,2020,-1.498,146.53,8.994,6.278,8.736,1.124,151.95,-1.95,42.72,2.8,COVID-19
South_Africa,Africa,emerging,2021,-0.535,145.75,9.441,7.654,8.579,-2.597,155.28,-4.326,49.09,0.2,COVID recovery / stimulus
South_Africa,Africa,emerging,2022,-3.29,140.95,11.627,8.674,9.503,1.051,162.85,-4.246,35.61,1.0,Inflation / rate hike cycle
South_Africa,Africa,emerging,2023,-1.957,138.19,7.855,8.081,9.218,2.835,169.35,2.364,40.95,0.4,Rates plateau
South_Africa,Africa,emerging,2024,-0.423,137.61,7.464,9.05,7.941,-0.483,178.19,-0.749,45.83,0.0,
Nigeria,Africa,emerging,1985,7.062,107.06,9.843,12.693,4.642,0.535,51.41,-0.277,58.12,0.0,
Nigeria,Africa,emerging,1986,4.957,112.37,14.575,13.214,5.82,-0.669,53.25,-3.05,51.55,0.0,
Nigeria,Africa,emerging,1987,4.125,117.0,13.358,14.434,5.339,-1.154,54.6,6.805,50.95,0.8,Black Monday
Nigeria,Africa,emerging,1988,4.769,122.58,15.027,14.84,4.927,-2.728,59.32,-7.211,57.14,0.0,
Nigeria,Africa,emerging,1989,4.714,128.36,15.175,15.71,5.176,-1.951,64.13,-4.099,47.64,0.0,
Nigeria,Africa,emerging,1990,4.354,133.95,12.748,15.872,6.52,0.034,69.93,0.545,59.0,0.6,Gulf War / S&L crisis
Nigeria,Africa,emerging,1991,1.791,136.35,12.75,15.983,7.009,2.304,73.93,10.122,57.61,0.5,Recession
Nigeria,Africa,emerging,1992,2.682,140.01,13.705,16.773,6.066,-2.624,81.36,0.858,52.67,0.0,
Nigeria,Africa,emerging,1993,3.025,144.24,8.592,15.215,6.111,1.836,88.15,3.906,54.97,0.0,
Nigeria,Africa,emerging,1994,1.472,146.36,10.455,14.849,7.887,4.236,90.25,-1.479,49.61,0.0,
Nigeria,Africa,emerging,1995,2.311,149.75,10.791,13.985,7.358,-2.203,93.27,-4.758,51.81,0.0,
Nigeria,Africa,emerging,1996,1.259,151.63,10.935,13.26,6.977,1.748,98.48,5.633,50.99,0.0,
Nigeria,Africa,emerging,1997,1.275,153.56,10.247,12.617,7.719,-0.823,104.98,-3.538,51.47,1.2,Asian Financial Crisis
Nigeria,Africa,emerging,1998,0.78,154.76,12.133,12.511,8.37,-2.308,107.84,-3.121,44.82,1.0,LTCM / Russia default
Nigeria,Africa,emerging,1999,-0.074,154.65,13.349,12.579,7.797,-0.774,112.73,7.847,47.7,0.0,
Nigeria,Africa,emerging,2000,-0.517,153.85,14.672,12.732,9.278,-1.052,120.89,4.61,47.79,0.0,
Nigeria,Africa,emerging,2001,-1.354,151.76,15.508,13.62,7.972,-2.257,123.25,1.925,45.72,0.9,Dot-com bust / 9-11
Nigeria,Africa,emerging,2002,-0.725,150.66,11.367,12.152,8.124,-1.345,130.26,3.107,54.5,0.7,Corporate scandals
Nigeria,Africa,emerging,2003,0.557,151.5,13.725,11.745,6.884,-0.705,133.49,-0.444,48.35,0.0,
Nigeria,Africa,emerging,2004,-0.802,150.29,16.852,12.235,7.582,1.796,139.17,3.995,46.8,0.0,
Nigeria,Africa,emerging,2005,-0.126,150.1,16.571,13.543,8.447,-0.179,147.92,2.357,50.44,0.0,
Nigeria,Africa,emerging,2006,0.859,151.39,12.766,13.878,7.591,-0.827,158.38,-7.369,56.01,0.0,
Nigeria,Africa,emerging,2007,1.743,154.03,13.248,13.542,6.295,-0.279,166.96,3.007,51.58,0.0,
Nigeria,Africa,emerging,2008,-3.799,148.18,10.755,14.237,9.353,2.854,175.66,-2.017,36.79,3.0,Global Financial Crisis
Nigeria,Africa,emerging,2009,-2.614,144.3,10.596,13.608,9.173,1.317,189.03,-15.076,39.9,2.5,GFC trough
Nigeria,Africa,emerging,2010,0.082,144.42,11.855,12.335,8.066,0.015,196.29,1.834,50.54,0.0,
Nigeria,Africa,emerging,2011,0.699,145.43,12.195,12.159,7.467,0.28,204.01,13.226,45.45,0.6,Euro debt crisis
Nigeria,Africa,emerging,2012,0.948,146.81,11.144,13.496,6.866,0.852,214.49,1.925,54.89,0.0,
Nigeria,Africa,emerging,2013,3.295,151.65,10.413,13.167,5.421,0.198,222.38,-0.456,49.06,0.0,
Nigeria,Africa,emerging,2014,4.082,157.84,7.338,12.218,5.346,-1.699,233.62,4.338,58.55,0.0,
Nigeria,Africa,emerging,2015,5.818,167.02,6.444,12.421,4.358,1.492,241.63,-2.985,58.32,0.4,China slowdown
Nigeria,Africa,emerging,2016,6.623,178.08,9.386,12.288,4.755,1.054,250.0,3.491,58.89,0.0,
Nigeria,Africa,emerging,2017,7.103,190.73,6.654,11.32,3.756,0.553,250.0,-0.767,59.26,0.0,
Nigeria,Africa,emerging,2018,7.36,204.77,3.588,9.514,4.502,-5.794,250.0,8.028,62.21,0.0,
Nigeria,Africa,emerging,2019,7.094,219.29,7.035,9.324,4.731,-0.631,250.0,-1.672,62.66,0.0,
Nigeria,Africa,emerging,2020,4.272,228.66,10.508,9.233,5.387,2.554,250.0,-7.832,51.02,2.8,COVID-19
Nigeria,Africa,emerging,2021,5.826,241.99,13.474,11.37,5.902,1.417,250.0,0.544,63.3,0.2,COVID recovery / stimulus
Nigeria,Africa,emerging,2022,3.252,249.86,15.861,13.558,6.682,4.96,250.0,-6.107,55.74,1.0,Inflation / rate hike cycle
Nigeria,Africa,emerging,2023,1.729,254.18,13.855,13.669,7.653,1.229,250.0,-2.569,55.01,0.4,Rates plateau
Nigeria,Africa,emerging,2024,7.253,272.61,14.867,14.537,3.725,-1.275,250.0,-3.533,59.02,0.0,
Egypt,Africa,emerging,1985,6.634,106.63,12.494,11.594,4.079,2.675,51.65,-9.381,59.51,0.0,
Egypt,Africa,emerging,1986,7.331,114.45,7.144,10.415,4.279,1.469,52.03,-3.304,60.33,0.0,
Egypt,Africa,emerging,1987,5.661,120.93,8.911,9.456,4.493,1.511,54.4,4.939,53.09,0.8,Black Monday
Egypt,Africa,emerging,1988,4.417,126.27,11.85,8.879,6.417,2.641,58.24,-3.994,52.46,0.0,
Egypt,Africa,emerging,1989,4.186,131.56,8.89,8.155,6.23,1.299,58.31,3.714,56.01,0.0,
Egypt,Africa,emerging,1990,5.116,138.29,10.53,9.594,5.681,1.96,57.94,-0.768,54.37,0.6,Gulf War / S&L crisis
Egypt,Africa,emerging,1991,3.47,143.09,11.48,10.568,6.461,-0.354,59.31,5.042,53.9,0.5,Recession
Egypt,Africa,emerging,1992,2.505,146.67,10.797,9.268,6.765,-0.397,61.06,7.684,49.31,0.0,
Egypt,Africa,emerging,1993,3.851,152.32,15.011,11.468,6.059,-2.268,61.28,-3.561,52.22,0.0,
Egypt,Africa,emerging,1994,3.15,157.12,13.356,11.97,6.668,-2.476,63.18,-1.805,52.91,0.0,
Egypt,Africa,emerging,1995,5.691,166.06,13.149,11.332,5.363,1.091,65.37,-7.012,61.6,0.0,
Egypt,Africa,emerging,1996,4.11,172.88,13.841,12.277,6.246,3.414,69.66,-3.946,57.88,0.0,
Egypt,Africa,emerging,1997,2.81,177.74,13.624,11.739,6.078,0.103,74.13,-9.599,52.21,1.2,Asian Financial Crisis
Egypt,Africa,emerging,1998,1.769,180.88,15.29,12.332,6.554,0.152,76.61,4.758,49.97,1.0,LTCM / Russia default
Egypt,Africa,emerging,1999,2.27,184.99,15.416,12.38,6.221,0.817,78.57,-7.125,55.03,0.0,
Egypt,Africa,emerging,2000,3.582,191.62,11.825,12.019,5.757,3.553,84.15,-2.652,55.71,0.0,
Egypt,Africa,emerging,2001,1.109,193.74,10.003,11.697,7.671,-0.195,89.35,0.391,48.94,0.9,Dot-com bust / 9-11
Egypt,Africa,emerging,2002,1.087,195.85,9.094,11.318,7.662,0.397,91.77,-4.723,51.0,0.7,Corporate scandals
Egypt,Africa,emerging,2003,3.831,203.35,9.58,10.796,6.197,-2.274,98.21,1.059,52.25,0.0,
Egypt,Africa,emerging,2004,3.923,211.33,8.61,11.52,5.937,0.311,103.58,-3.287,54.94,0.0,
Egypt,Africa,emerging,2005,4.522,220.88,5.78,10.696,5.716,0.26,107.62,2.562,59.04,0.0,
Egypt,Africa,emerging,2006,3.226,228.01,5.939,10.266,6.628,0.919,117.47,4.289,56.98,0.0,
Egypt,Africa,emerging,2007,3.301,235.54,4.766,8.857,6.706,0.814,122.41,0.499,52.55,0.0,
Egypt,Africa,emerging,2008,-0.09,235.32,8.102,9.08,7.542,1.525,126.77,-30.733,48.6,3.0,Global Financial Crisis
Egypt,Africa,emerging,2009,-2.119,230.34,8.278,8.969,8.623,-0.146,132.53,-3.833,45.98,2.5,GFC trough
Egypt,Africa,emerging,2010,-1.058,227.9,9.756,9.054,7.83,1.038,135.62,3.214,47.3,0.0,
Egypt,Africa,emerging,2011,0.067,228.05,7.664,8.585,8.43,-1.614,139.94,2.974,50.31,0.6,Euro debt crisis
Egypt,Africa,emerging,2012,-1.621,224.36,12.162,9.398,9.159,-0.287,142.66,2.725,46.5,0.0,
Egypt,Africa,emerging,2013,0.687,225.9,11.292,9.833,7.269,1.729,146.29,10.84,57.48,0.0,
Egypt,Africa,emerging,2014,3.724,234.31,13.585,10.689,6.721,-0.192,148.75,6.441,57.52,0.0,
Egypt,Africa,emerging,2015,3.766,243.13,10.137,10.242,5.207,1.89,151.03,1.393,50.85,0.4,China slowdown
Egypt,Africa,emerging,2016,2.362,248.88,10.587,10.061,7.238,-2.535,155.36,-12.114,46.07,0.0,
Egypt,Africa,emerging,2017,5.18,261.77,14.636,11.37,4.998,-0.597,162.85,-3.963,56.47,0.0,
Egypt,Africa,emerging,2018,5.119,275.17,12.571,11.519,5.587,-1.954,169.85,-3.129,56.07,0.0,
Egypt,Africa,emerging,2019,6.75,293.74,11.721,12.733,3.729,-0.941,176.37,9.1,51.62,0.0,
Egypt,Africa,emerging,2020,2.197,300.2,14.01,12.574,6.795,0.663,185.01,3.3,50.82,2.8,COVID-19
Egypt,Africa,emerging,2021,5.266,316.01,13.127,12.918,4.787,0.967,191.85,-4.297,56.95,0.2,COVID recovery / stimulus
Egypt,Africa,emerging,2022,2.627,324.31,16.843,13.647,7.266,-0.785,202.28,-1.155,53.15,1.0,Inflation / rate hike cycle
Egypt,Africa,emerging,2023,2.952,333.88,11.307,14.235,6.48,1.579,213.45,-4.259,49.74,0.4,Rates plateau
Egypt,Africa,emerging,2024,4.251,348.07,10.439,14.579,5.786,2.047,224.36,1.308,53.6,0.0,
Saudi_Arabia,MiddleEast,emerging,1985,3.779,103.78,4.886,4.014,6.376,0.093,51.72,7.901,59.0,0.0,
Saudi_Arabia,MiddleEast,emerging,1986,3.804,107.73,4.837,3.924,6.011,0.619,54.89,3.045,52.11,0.0,
Saudi_Arabia,MiddleEast,emerging,1987,4.501,112.58,4.304,3.552,6.418,2.927,56.73,3.003,57.13,0.8,Black Monday
Saudi_Arabia,MiddleEast,emerging,1988,5.925,119.25,5.4,3.317,6.042,2.131,56.5,-6.018,59.98,0.0,
Saudi_Arabia,MiddleEast,emerging,1989,4.985,125.19,5.48,4.721,5.224,-2.232,58.57,-3.561,57.56,0.0,
Saudi_Arabia,MiddleEast,emerging,1990,2.042,127.75,4.659,5.486,7.282,-1.577,58.65,-0.569,53.4,0.6,Gulf War / S&L crisis
Saudi_Arabia,MiddleEast,emerging,1991,1.693,129.91,3.371,5.487,7.905,0.41,57.89,0.755,57.55,0.5,Recession
Saudi_Arabia,MiddleEast,emerging,1992,0.6,130.69,3.256,4.96,7.748,0.389,62.85,0.197,54.69,0.0,
Saudi_Arabia,MiddleEast,emerging,1993,1.184,132.24,2.405,4.011,6.5,0.552,69.36,2.32,53.75,0.0,
Saudi_Arabia,MiddleEast,emerging,1994,1.267,133.91,1.935,4.427,8.371,2.976,73.51,0.345,52.44,0.0,
Saudi_Arabia,MiddleEast,emerging,1995,0.921,135.14,-0.848,2.44,7.564,-0.584,72.83,0.818,50.36,0.0,
Saudi_Arabia,MiddleEast,emerging,1996,0.158,135.36,-0.919,1.322,7.612,1.853,71.27,-8.903,50.24,0.0,
Saudi_Arabia,MiddleEast,emerging,1997,0.469,135.99,0.797,0.607,7.306,-0.015,72.5,8.266,47.3,1.2,Asian Financial Crisis
Saudi_Arabia,MiddleEast,emerging,1998,0.683,136.92,5.921,1.444,7.937,1.293,76.17,0.421,49.56,1.0,LTCM / Russia default
Saudi_Arabia,MiddleEast,emerging,1999,1.508,138.99,4.085,2.22,8.26,2.421,78.83,3.804,49.55,0.0,
Saudi_Arabia,MiddleEast,emerging,2000,1.818,141.51,5.663,4.187,6.705,-0.967,85.64,-0.468,58.07,0.0,
Saudi_Arabia,MiddleEast,emerging,2001,1.412,143.51,5.411,4.338,7.765,2.716,86.35,-2.636,52.96,0.9,Dot-com bust / 9-11
Saudi_Arabia,MiddleEast,emerging,2002,1.263,145.32,3.786,5.142,7.92,-0.899,89.8,-6.428,47.72,0.7,Corporate scandals
Saudi_Arabia,MiddleEast,emerging,2003,2.097,148.37,3.592,4.262,6.594,-2.13,93.23,-10.166,49.96,0.0,
Saudi_Arabia,MiddleEast,emerging,2004,0.337,148.87,4.211,2.854,7.847,3.279,99.27,-9.543,51.38,0.0,
Saudi_Arabia,MiddleEast,emerging,2005,0.066,148.97,1.483,2.373,8.581,1.199,100.53,3.83,43.36,0.0,
Saudi_Arabia,MiddleEast,emerging,2006,0.146,149.19,0.038,1.8,7.826,-0.283,102.68,0.85,51.83,0.0,
Saudi_Arabia,MiddleEast,emerging,2007,1.289,151.11,-0.038,1.639,7.769,-1.112,104.68,6.571,48.53,0.0,
Saudi_Arabia,MiddleEast,emerging,2008,0.532,151.91,-1.369,0.549,7.259,4.376,105.98,-18.451,45.05,3.0,Global Financial Crisis
Saudi_Arabia,MiddleEast,emerging,2009,-1.795,149.19,-1.421,-0.5,8.926,0.036,110.69,4.892,44.88,2.5,GFC trough
Saudi_Arabia,MiddleEast,emerging,2010,-1.668,146.7,0.898,-0.5,8.242,-0.371,115.82,1.386,52.11,0.0,
Saudi_Arabia,MiddleEast,emerging,2011,-1.55,144.42,3.762,-0.5,8.887,0.433,119.5,0.875,44.37,0.6,Euro debt crisis
Saudi_Arabia,MiddleEast,emerging,2012,0.894,145.72,6.973,0.444,6.635,0.999,120.73,-1.997,52.95,0.0,
Saudi_Arabia,MiddleEast,emerging,2013,1.123,147.35,5.541,1.328,8.173,0.06,120.4,-6.892,52.02,0.0,
Saudi_Arabia,MiddleEast,emerging,2014,0.487,148.07,1.808,1.781,8.099,-0.736,123.48,1.148,52.5,0.0,
Saudi_Arabia,MiddleEast,emerging,2015,1.851,150.81,-2.0,0.71,7.334,-0.821,125.3,5.103,52.09,0.4,China slowdown
Saudi_Arabia,MiddleEast,emerging,2016,4.198,157.14,1.154,0.783,5.802,-5.701,125.69,-6.363,56.66,0.0,
Saudi_Arabia,MiddleEast,emerging,2017,4.332,163.95,2.815,2.441,5.821,4.561,127.77,-6.646,54.5,0.0,
Saudi_Arabia,MiddleEast,emerging,2018,3.801,170.18,3.936,2.188,5.95,-0.322,128.57,3.626,57.35,0.0,
Saudi_Arabia,MiddleEast,emerging,2019,5.251,179.12,2.987,3.588,4.693,-2.777,127.95,-0.1,61.11,0.0,
Saudi_Arabia,MiddleEast,emerging,2020,0.216,179.5,1.656,2.966,8.179,-0.955,130.24,-14.244,48.24,2.8,COVID-19
Saudi_Arabia,MiddleEast,emerging,2021,4.071,186.81,1.745,3.908,5.672,2.84,135.37,0.507,50.92,0.2,COVID recovery / stimulus
Saudi_Arabia,MiddleEast,emerging,2022,5.601,197.27,5.471,4.413,5.678,1.405,140.21,-4.203,56.96,1.0,Inflation / rate hike cycle
Saudi_Arabia,MiddleEast,emerging,2023,3.377,203.93,5.369,4.894,6.452,-0.293,142.79,-5.202,56.4,0.4,Rates plateau
Saudi_Arabia,MiddleEast,emerging,2024,5.321,214.78,3.682,5.531,5.556,0.016,142.51,-6.863,55.26,0.0,
UAE,MiddleEast,emerging,1985,1.933,101.93,4.816,3.735,7.018,-4.38,48.33,-0.857,58.06,0.0,
UAE,MiddleEast,emerging,1986,1.737,103.7,5.98,3.929,7.159,2.429,49.69,-4.645,56.18,0.0,
UAE,MiddleEast,emerging,1987,2.082,105.86,7.479,4.293,7.662,0.547,52.65,-0.985,49.2,0.8,Black Monday
UAE,MiddleEast,emerging,1988,2.685,108.7,5.498,5.518,6.556,-2.993,51.36,-9.683,54.84,0.0,
UAE,MiddleEast,emerging,1989,1.757,110.61,5.398,5.808,7.089,0.877,54.05,-14.568,50.98,0.0,
UAE,MiddleEast,emerging,1990,1.993,112.82,8.279,7.961,6.322,-0.699,53.67,5.716,54.05,0.6,Gulf War / S&L crisis
UAE,MiddleEast,emerging,1991,1.84,114.89,7.524,9.365,7.686,2.316,57.59,-3.403,53.35,0.5,Recession
UAE,MiddleEast,emerging,1992,3.484,118.9,6.038,8.961,6.824,3.328,58.59,-2.528,54.92,0.0,
UAE,MiddleEast,emerging,1993,4.322,124.04,4.185,10.052,6.05,1.063,64.58,-2.901,54.54,0.0,
UAE,MiddleEast,emerging,1994,2.863,127.59,3.404,7.996,6.943,0.84,66.71,-0.923,55.47,0.0,
UAE,MiddleEast,emerging,1995,1.909,130.02,3.531,7.957,6.154,1.37,66.39,-1.047,48.63,0.0,
UAE,MiddleEast,emerging,1996,4.274,135.58,0.911,5.631,5.93,-0.827,65.22,2.956,48.77,0.0,
UAE,MiddleEast,emerging,1997,2.447,138.9,0.202,5.32,7.424,2.206,67.34,-11.597,51.49,1.2,Asian Financial Crisis
UAE,MiddleEast,emerging,1998,4.245,144.79,2.861,5.517,5.283,-1.051,73.14,-7.342,49.27,1.0,LTCM / Russia default
UAE,MiddleEast,emerging,1999,5.44,152.67,1.827,4.225,6.044,0.922,73.68,-5.677,62.19,0.0,
UAE,MiddleEast,emerging,2000,5.301,160.76,4.656,5.414,5.089,-1.026,78.18,6.516,50.26,0.0,
UAE,MiddleEast,emerging,2001,4.685,168.3,3.77,4.638,5.788,-2.699,79.01,-4.523,51.91,0.9,Dot-com bust / 9-11
UAE,MiddleEast,emerging,2002,4.038,175.09,1.329,5.465,6.228,3.589,80.85,-2.543,58.36,0.7,Corporate scandals
UAE,MiddleEast,emerging,2003,3.585,181.37,1.107,5.402,5.589,1.423,84.25,6.615,56.65,0.0,
UAE,MiddleEast,emerging,2004,5.499,191.34,1.065,4.216,6.306,-3.053,82.81,3.106,60.98,0.0,
UAE,MiddleEast,emerging,2005,5.601,202.06,3.25,2.801,4.95,-3.748,85.39,-8.111,52.39,0.0,
UAE,MiddleEast,emerging,2006,6.068,214.32,5.124,3.524,5.251,1.076,86.04,-6.411,58.44,0.0,
UAE,MiddleEast,emerging,2007,6.537,228.33,6.287,4.812,4.147,1.381,87.32,-3.7,56.38,0.0,
UAE,MiddleEast,emerging,2008,1.724,232.27,8.047,4.558,6.641,-0.658,93.52,-18.481,49.97,3.0,Global Financial Crisis
UAE,MiddleEast,emerging,2009,1.362,235.43,3.93,2.506,7.283,2.245,99.25,-6.869,39.83,2.5,GFC trough
UAE,MiddleEast,emerging,2010,1.83,239.74,2.709,3.462,7.734,1.908,99.03,4.1,53.56,0.0,
UAE,MiddleEast,emerging,2011,0.217,240.26,-1.118,3.2,7.801,-2.57,101.56,2.756,48.79,0.6,Euro debt crisis
UAE,MiddleEast,emerging,2012,-0.45,239.18,3.276,3.889,8.057,-0.59,105.6,-6.031,50.47,0.0,
UAE,MiddleEast,emerging,2013,-0.684,237.54,2.88,2.63,7.783,3.291,108.76,0.773,43.21,0.0,
UAE,MiddleEast,emerging,2014,0.021,237.59,3.626,2.871,6.913,0.414,112.42,5.931,48.06,0.0,
UAE,MiddleEast,emerging,2015,-1.665,233.64,1.028,1.332,9.201,-5.433,114.51,7.421,47.37,0.4,China slowdown
UAE,MiddleEast,emerging,2016,1.077,236.15,-2.0,-0.5,8.18,0.202,116.22,-4.391,51.5,0.0,
UAE,MiddleEast,emerging,2017,0.682,237.76,1.174,1.735,7.901,-1.27,113.56,-8.174,55.42,0.0,
UAE,MiddleEast,emerging,2018,0.527,239.02,0.597,1.835,8.478,-0.399,115.21,0.779,48.7,0.0,
UAE,MiddleEast,emerging,2019,0.957,241.3,1.702,1.825,8.588,0.878,119.86,-5.267,52.64,0.0,
UAE,MiddleEast,emerging,2020,-2.9,234.3,2.272,2.059,9.475,4.815,126.61,5.353,46.47,2.8,COVID-19
UAE,MiddleEast,emerging,2021,0.151,234.66,6.358,2.061,7.643,1.123,131.83,-7.075,48.23,0.2,COVID recovery / stimulus
UAE,MiddleEast,emerging,2022,0.28,235.31,7.914,3.899,9.578,0.839,133.92,-8.257,47.34,1.0,Inflation / rate hike cycle
UAE,MiddleEast,emerging,2023,-0.068,235.15,6.826,4.869,7.803,3.97,136.46,-2.045,51.04,0.4,Rates plateau
UAE,MiddleEast,emerging,2024,2.269,240.49,8.416,6.208,7.391,-1.33,142.16,2.599,57.06,0.0,
Indonesia,Asia,emerging,1985,3.498,103.5,4.686,7.6,4.925,0.984,54.21,-2.338,51.89,0.0,
Indonesia,Asia,emerging,1986,2.709,106.3,4.005,6.42,6.304,-1.475,55.9,-0.667,58.09,0.0,
Indonesia,Asia,emerging,1987,2.534,109.0,5.305,5.629,6.438,-3.409,55.02,-5.676,51.25,0.8,Black Monday
Indonesia,Asia,emerging,1988,4.567,113.97,1.97,4.382,5.033,-0.529,58.53,-0.876,54.01,0.0,
Indonesia,Asia,emerging,1989,6.546,121.43,3.792,3.711,4.806,-1.655,60.05,3.389,51.85,0.0,
Indonesia,Asia,emerging,1990,5.535,128.16,4.379,4.24,5.648,0.955,60.61,5.303,51.21,0.6,Gulf War / S&L crisis
Indonesia,Asia,emerging,1991,2.742,131.67,-1.42,2.684,6.218,0.796,58.38,-0.86,52.9,0.5,Recession
Indonesia,Asia,emerging,1992,2.195,134.56,0.983,1.472,6.886,1.19,61.89,2.118,49.55,0.0,
Indonesia,Asia,emerging,1993,2.472,137.89,3.36,0.625,6.675,-0.772,63.06,-4.104,46.69,0.0,
Indonesia,Asia,emerging,1994,3.854,143.2,5.916,-0.032,6.258,2.166,65.09,-1.908,50.67,0.0,
Indonesia,Asia,emerging,1995,4.363,149.45,6.529,1.096,5.729,-2.165,66.84,2.346,54.57,0.0,
Indonesia,Asia,emerging,1996,4.78,156.59,9.881,2.264,6.251,-1.468,70.07,5.152,53.47,0.0,
Indonesia,Asia,emerging,1997,6.313,166.48,10.367,3.278,4.656,2.266,72.84,-6.45,52.92,1.2,Asian Financial Crisis
Indonesia,Asia,emerging,1998,5.874,176.26,8.411,6.256,5.18,-0.124,76.92,-2.399,56.36,1.0,LTCM / Russia default
Indonesia,Asia,emerging,1999,3.779,182.92,7.121,7.292,6.895,-1.547,77.69,2.651,51.57,0.0,
Indonesia,Asia,emerging,2000,4.012,190.26,8.75,7.283,5.011,-2.602,80.21,-9.992,52.76,0.0,
Indonesia,Asia,emerging,2001,1.639,193.38,11.468,9.876,6.652,0.514,82.26,-3.037,55.1,0.9,Dot-com bust / 9-11
Indonesia,Asia,emerging,2002,1.529,196.33,9.846,9.22,7.809,-6.527,85.26,-1.233,48.01,0.7,Corporate scandals
Indonesia,Asia,emerging,2003,3.683,203.56,11.581,8.84,7.205,-2.847,90.99,-0.775,51.84,0.0,
Indonesia,Asia,emerging,2004,3.771,211.24,10.498,9.575,5.654,-0.468,92.93,-7.275,50.98,0.0,
Indonesia,Asia,emerging,2005,2.948,217.47,8.858,9.949,6.586,3.949,92.4,1.639,52.7,0.0,
Indonesia,Asia,emerging,2006,4.69,227.67,9.819,10.136,5.741,-1.488,97.03,-10.39,56.59,0.0,
Indonesia,Asia,emerging,2007,4.99,239.03,8.181,9.894,5.426,2.595,106.88,5.595,52.84,0.0,
Indonesia,Asia,emerging,2008,2.398,244.76,10.032,9.357,6.171,-0.127,113.08,-25.136,47.9,3.0,Global Financial Crisis
Indonesia,Asia,emerging,2009,0.549,246.1,11.598,8.725,8.902,-3.076,114.07,-24.139,45.38,2.5,GFC trough
Indonesia,Asia,emerging,2010,1.823,250.59,10.187,8.421,7.305,-0.635,120.61,-2.008,48.76,0.0,
Indonesia,Asia,emerging,2011,0.442,251.69,9.553,7.575,7.104,1.055,121.72,6.145,49.68,0.6,Euro debt crisis
Indonesia,Asia,emerging,2012,1.779,256.17,6.873,7.98,7.109,-1.372,126.5,-8.526,46.71,0.0,
Indonesia,Asia,emerging,2013,1.49,259.99,7.497,7.829,7.78,-1.84,132.18,-0.869,48.53,0.0,
Indonesia,Asia,emerging,2014,3.08,268.0,7.166,7.245,6.481,-0.259,135.82,-2.263,48.88,0.0,
Indonesia,Asia,emerging,2015,3.66,277.8,5.147,6.025,6.05,1.468,139.59,-2.25,50.81,0.4,China slowdown
Indonesia,Asia,emerging,2016,5.008,291.71,0.624,5.525,4.559,-2.831,141.37,12.613,59.58,0.0,
Indonesia,Asia,emerging,2017,6.104,309.52,2.513,3.479,5.027,-1.098,141.38,1.97,54.14,0.0,
Indonesia,Asia,emerging,2018,7.121,331.56,-0.562,2.675,4.0,-0.819,142.99,-3.468,56.97,0.0,
Indonesia,Asia,emerging,2019,6.586,353.4,-0.471,1.535,4.63,-1.536,143.68,0.7,54.15,0.0,
Indonesia,Asia,emerging,2020,4.347,368.76,1.474,0.907,5.899,-2.054,144.18,-8.175,49.51,2.8,COVID-19
Indonesia,Asia,emerging,2021,6.954,394.4,3.168,0.8,6.003,-1.325,140.32,-7.0,58.2,0.2,COVID recovery / stimulus
Indonesia,Asia,emerging,2022,7.119,422.48,5.271,2.673,4.811,-0.379,140.89,1.273,57.1,1.0,Inflation / rate hike cycle
Indonesia,Asia,emerging,2023,6.916,451.7,3.323,2.649,5.533,0.502,143.71,3.652,56.31,0.4,Rates plateau
Indonesia,Asia,emerging,2024,6.817,482.49,5.753,3.883,4.723,-1.388,146.11,-0.111,55.27,0.0,
Thailand,Asia,emerging,1985,7.215,107.21,-0.078,4.815,3.961,0.262,55.7,-3.888,56.85,0.0,
Thailand,Asia,emerging,1986,6.39,114.07,-1.157,4.719,4.538,1.308,53.91,-7.787,57.3,0.0,
Thailand,Asia,emerging,1987,3.51,118.07,2.823,3.386,5.726,0.827,54.31,-7.539,58.91,0.8,Black Monday
Thailand,Asia,emerging,1988,2.431,120.94,2.466,3.148,7.14,0.925,54.44,-1.469,52.36,0.0,
Thailand,Asia,emerging,1989,3.722,125.44,0.236,4.322,5.76,-0.017,53.71,-5.662,52.03,0.0,
Thailand,Asia,emerging,1990,1.667,127.53,0.24,2.77,7.514,-1.566,53.93,-1.137,53.86,0.6,Gulf War / S&L crisis
Thailand,Asia,emerging,1991,1.308,129.2,0.761,1.177,6.775,-2.557,58.39,3.325,48.05,0.5,Recession
Thailand,Asia,emerging,1992,1.304,130.88,-0.442,-0.01,7.578,-0.575,64.16,7.284,55.56,0.0,
Thailand,Asia,emerging,1993,2.783,134.53,-0.599,0.244,6.434,3.261,66.18,2.391,53.86,0.0,
Thailand,Asia,emerging,1994,5.176,141.49,-2.0,1.316,5.319,-2.812,65.38,-6.754,58.43,0.0,
Thailand,Asia,emerging,1995,3.636,146.63,-0.663,1.85,5.846,-0.536,64.05,-0.843,62.27,0.0,
Thailand,Asia,emerging,1996,4.66,153.47,-0.46,1.029,5.648,0.26,64.01,3.688,52.97,0.0,
Thailand,Asia,emerging,1997,2.705,157.62,1.197,0.112,7.012,-0.029,61.69,1.088,45.93,1.2,Asian Financial Crisis
Thailand,Asia,emerging,1998,3.381,162.95,0.892,1.73,6.845,-2.121,59.05,-3.143,48.56,1.0,LTCM / Russia default
Thailand,Asia,emerging,1999,5.727,172.28,1.293,2.638,4.994,-0.359,59.73,6.045,58.09,0.0,
Thailand,Asia,emerging,2000,4.151,179.43,4.879,3.117,5.697,-5.659,62.32,-0.059,55.49,0.0,
Thailand,Asia,emerging,2001,2.555,184.02,3.241,2.975,6.954,1.278,63.73,4.672,51.16,0.9,Dot-com bust / 9-11
Thailand,Asia,emerging,2002,1.796,187.32,3.534,2.071,7.218,-3.084,63.6,-10.254,50.32,0.7,Corporate scandals
Thailand,Asia,emerging,2003,4.404,195.57,3.193,3.024,6.974,0.808,63.33,-3.196,55.51,0.0,
Thailand,Asia,emerging,2004,3.668,202.74,2.038,3.792,6.679,-3.294,63.31,-2.031,56.38,0.0,
Thailand,Asia,emerging,2005,5.248,213.38,7.634,4.662,5.168,1.177,63.26,-2.095,55.31,0.0,
Thailand,Asia,emerging,2006,1.915,217.47,6.954,5.225,7.678,0.011,63.17,-2.477,46.12,0.0,
Thailand,Asia,emerging,2007,1.108,219.88,7.434,5.699,7.907,-3.934,65.43,-3.708,54.25,0.0,
Thailand,Asia,emerging,2008,-0.837,218.04,8.672,7.666,8.234,2.67,67.4,-12.799,38.44,3.0,Global Financial Crisis
Thailand,Asia,emerging,2009,-1.615,214.52,7.18,8.568,8.778,0.112,72.88,-7.772,44.4,2.5,GFC trough
Thailand,Asia,emerging,2010,-0.121,214.26,5.529,8.152,8.858,-0.886,75.76,-9.296,49.72,0.0,
Thailand,Asia,emerging,2011,1.422,217.31,7.144,8.429,7.767,1.462,81.53,3.678,55.29,0.6,Euro debt crisis
Thailand,Asia,emerging,2012,1.988,221.63,3.661,8.369,7.396,3.14,87.55,9.529,54.34,0.0,
Thailand,Asia,emerging,2013,2.891,228.03,0.759,7.448,6.278,0.423,90.74,3.031,53.32,0.0,
Thailand,Asia,emerging,2014,4.415,238.1,-2.0,6.064,6.394,3.74,94.53,9.924,56.03,0.0,
Thailand,Asia,emerging,2015,4.2,248.1,-0.221,5.117,5.509,-1.03,94.54,3.608,54.48,0.4,China slowdown
Thailand,Asia,emerging,2016,3.842,257.63,-0.71,4.582,6.469,-2.261,94.11,5.886,50.68,0.0,
Thailand,Asia,emerging,2017,4.664,269.65,3.266,5.974,6.037,1.418,100.9,-11.752,54.44,0.0,
Thailand,Asia,emerging,2018,5.641,284.86,2.538,6.764,5.16,0.263,102.71,-2.474,55.41,0.0,
Thailand,Asia,emerging,2019,5.681,301.04,1.081,6.881,5.486,2.199,102.87,-7.922,57.09,0.0,
Thailand,Asia,emerging,2020,4.864,315.68,3.717,6.307,5.78,1.455,102.9,-5.658,50.21,2.8,COVID-19
Thailand,Asia,emerging,2021,7.602,339.68,7.263,6.661,3.346,0.646,100.61,-2.784,62.66,0.2,COVID recovery / stimulus
Thailand,Asia,emerging,2022,6.321,361.15,11.295,8.874,6.045,-1.176,104.29,-4.679,58.77,1.0,Inflation / rate hike cycle
Thailand,Asia,emerging,2023,5.392,380.63,12.234,9.975,6.008,1.186,107.76,-0.058,56.72,0.4,Rates plateau
Thailand,Asia,emerging,2024,5.596,401.93,9.973,10.281,5.034,-3.366,113.09,-8.268,56.34,0.0,
